class_id,author_id,small_category_id,class_name,class_price,class_hit,class_purchase,class_duration,class_level,class_place,user_max,class_like,class_rate,class_description
1,1,12,정성스럽고 격식있는 보자기 포장 매듭법 !,80000,0,0,15,중,경기 성남시,4,0,0,"<  KNOTIST _ 노티스트 / 원데이 클래스  >

º 1인 기준 : 8만원 / 매듭법 4가지
(재료비 포함)


º수업 시간 : 약 1시간 30분 
(클래스 특성상 수업 시간이 더 소요될 수 있습니다.)


- 보자기와 박스 및 재료들 4가지씩 제공됩니다.
따로 준비하실 재료는 필기도구만 가져오시면 됩니다. !

- 수업은 상시모집으로 일정 조율 후 진행됩니다.

_____________________________


노티스트 - 원데이 클래스에는

º 다양한 보자기 색으로 여러 가지 매듭법을 배울 수 있으며, 의미가 담긴 선물에 정성과 격식을 담아 포장하실 수 있습니다.

º 명절, 기념일 및 답례품과 같은 유용한 선물 포장법을 배워보고자 합니다.

º 물건에 구애를 받지 않고 어떤 선물이든 격식있게 포장할 수 있습니다. "
2,2,12,수제 전통계절주를 집에서 간단하게 빚어 건강하게 즐기자!,48000,0,0,20,하,서울 종로구,6,0,0,"전통 발효 계절주 수업을 진행합니다.

먼저 기초 이론 설명과 함께 시연을 하고...본인이 직접 만들어 보시고 ..완성품을 가져 가시는 방법입니다.

1. 준비과정과 재료 설명

2. 고두밥 짓기

3. 직접 술빚기

4. 완성 후 용기에 담기

"
3,3,32,[3월의 데일리솝] 솜사탕컬러로 만드는 팜프리 비건비누 만들기,50000,0,0,20,중,서울 마포구,2,0,0,"혹시 비건비누에 대해 알고 계신가요?

팜프리비누라고도 불리며 비누를 만들면서 필수로 들어가는 팜유라는 식물성오일이 들어가지 않은 비누를 말해요.

팜유는 비누의 단단함과 조밀한 거품, 안정적인 비누화를 위해 들어가지만 이 팜유가 환경오염과 관련이 되어있다고 해요.

기름야자 나무에서 열매를 압착해 만드는 팜유는 주로 열대지방에서 재배되는데요. 이 팜유농장을 짓기위해 벌목을 하고 녹지에 불을 질러 식생을 모조리 죽여야 합니다.그리고 오랑우탄 서식지를 파괴해서 멸종동물에 대한 보호가 힘들어지는 상황에 놓여있다고 해요.

비누외에도 과자나 라면, 샴푸, 세제 등에도 들어가는 팜유는 우리 생활속에 밀접하게 자리잡고 있습니다.

그런 팜유의 사용을 조금이라도 줄여보고자 하는 마음에 팜프리로 만드는 비누수업을 알려드리고 싶어 3월의 데일리솝으로 정했습니다.

팜유를 대체해서 사용하는 식물성오일은 카카오버터로 경도와 보습력까지 도와주는 실온에서 고체인 오일이에요. 카카오는 정말 버릴것이 하나도 없는 고마운 열매인거 같아요.♡

거기에다 달콤한 향이 날것 같은 솜사탕컬러로 색을 내고 여러가지 색상을 차근차근 쌓아서 봄을 닮은 비누를 완성해볼게요.

비누의 색과 향은 내가 원하는 것으로 선택해 만들 수 있어요. 비누의 색은 은은한 색감을 내기위한 최소한의 색소를 사용하니 피부에도 더욱 안전하게 사용할 수 있겠죠?^^

저온숙성비누인 cp비누의 제조방법으로 만드는 수업으로 화학계면활성제에 들어가는 경화제나 유화제, 방부제가 전혀 첨가되지 않는 건강한 비누입니다.

환경에도 도움을 주고 보습에 좋은 코코아버터를 넣은 팜프리 비건비누를 저와 함께 만들어봐요.♡



• CP 비누의 제조방법으로 당일날 가져가실 수 없고 일주일의 건조기간 후 택배로 발송해 드립니다. (택배비 포함가격)

• 비누를 받으신 후 최소 4주 정도 충분히 건조후 사용해주시면 더욱 순하고 건강한 비누로 사용이 가능합니다.(기다리시는 동안 사용해보실 샘플비누를 수업진행 후 선물로 드립니다.)

• 비누는 기본 500g 몰드에 만들어가며 비누 총 5~6개가 나와요. 

• 모든 수업은 예약하신 팀으로만 수업하며 최소1명에서 최대2명까지만 수업 진행합니다.

• 예약가능시간 : 월요일 ~ 토요일 오전 11시부터 저녁7시까지 예약이 가능합니다."
4,4,4,[원데이클래스] 반려동물 양모인형 키링 만들기,35000,0,0,30,중,세종 ,2,0,0,"[ 3월 오픈EVENT ] 3월 내 수강시 50% 할인

사랑스러운 반려견, 반려묘의 인형을
직접 양모재료로 니들펠팅하여 키링으로 제작해보는 클래스입니다.
﻿
니들펠트를 처음 시작하시는 분들도 완성도있는 작품을 완성하여 가져가실 수 있도록 기초부터 차근차근 지도해드립니다 :)
물론 인형을 처음 제작하시는 것이니, 조금 캐릭터화되실 순 있으세요 ^^
하지만 '러블리울펫'만의 차별화된 양모인형 표현방법, 실제와 비슷하게 제작하기위한 세밀한 표현방법들을 알려드려요

[클래스과정]
1. 양모재료과 기본 도구 소개
2. 도구사용방법 및 기초 펠팅방법
3. 제작하고자하는 반려동물의 사진을 보며 큰 틀의 얼굴제작
4. 실제와 비슷하게 맞추기 위한 세밀한 표현작업
5. 키링 완성

* 제작하고자하는 반려동물의 색에 따라 필요한 양모와 도구를 준비해드립니다.
클래스 수강 전에 제작하는 아이의 정면사진을 메시지로 보내주셔야 합니다 :)

﻿
﻿﻿[단모/중단모/장모 아이들 키링제작시]
단모/중단모의 아이들은 털을 덩어리형태로 뭉쳐 펠팅 제작하며,
장모 아이들은 필요한 부분만 식모하여 털을 표현, 나머지부분은 펠팅하여 표현합니다.


﻿[클래스운영안내]
제작소요시간 :  2시간 30분 - 3시간30분 정도 소요됩니다.
(제작하고자하는 아이의 모습에 따라, 제작하는분의 개인차에 따라 시간차이가 날 수 있으며,
대체적으로 여러색이 들어가거나 무늬가 많은 아이의 경우 시간이 좀더 걸립니다 :)


클래스시간:  화, 목, 토 1시
(위의 요일과 시간에 맞추기 어려우신분은 상담 후 변경된 요일과 시간으로 클래스 가능합니다)

수업인원: 최대2인
﻿
"
5,5,4,[원데이클래스]귀여운 베이비알파카 양모인형 만들기 ,25000,0,0,20,하,세종 ,4,0,0,"<3월 오픈EVENT> 3월 내 수강시 50%할인
양모인형만들기 기초과정을 담은 베이비알파카 인형 제작 클래스입니다 :)
( 사진은 다양한 알파카인형 예시이며, 클래스를 통해 베이비알파카 1마리를 완성합니다)
베이비알파카 인형 클래스를 통해 니들펠트 도구의 사용법과 양모펠팅방법,  인형제작시 얼굴과 다리를 제작하여 연결하는 방법 등을 배워보실 수 있습니다.

﻿
[클래스를 통해 완성할 수 있는 작품]
'알파카인형 1마리'
샘플기준 대략 세로6cm. 가로4cm 인형

﻿
[클래스 과정]
1. 양모 재료와 도구를 알아보고, 도구의 사용법을 익힙니다.
2. 베이스솜을 이용한 인형토대 만드는 방법을 배웁니다.
3. 특수양모를 이용해 알파카의 모습을 표현합니다.
(알파카의 색상은 흰색, 연베이지색, 갈색 중 택1)
4. 자유롭게 장식을 꾸미고 알파카 인형을 완성합니다.

﻿
제작시 필요한 양모와 도구는 공방에서 준비해드립니다.
(공방 내 클래스시간동안 대여)
* 간단한 다과를 준비해드립니다.

﻿
[클래스 시간과 운영 안내]
* 클래스는 화, 목 , 토  오전 10시수업
(위의 요일과 시간에 맞추기 어려우신 분은 상담 후 변경된 요일과 시간으로 클래스 가능합니다)
* 대략 1시간30분-2시간 소요
(개인차에 따라 변동이 있습니다)
* 베이비알파카 원데이클래스 수업은 최대 4인으로 구성됩니다.

﻿"
6,6,12,반짝블링 나만의 악세사리만들기,45000,0,0,15,중,경기 화성시,4,0,0,"♡
예쁜거 보지만 말고, 직접 만들어보세요. 
성취감을 느끼면서 자존감도 up! up!
^0^


uv레진을 이용하여, 키링/귀걸이/반지/스마트톡/부토니에/손거울/팔찌/소주잔중 2가지를 선택하여, 만들어가는 체험입니다.
원하는 아이템을 선택후, 컬러를 조색하고, 데코하고 부자재 마감을 하면 완성 ♡
------------------------------------------------------------------------------------------------------------
액체인 레진이 플라스틱처럼 단단하게 경화되는 과정이 정말 흥미롭고 , 너무 예쁘답니다^^

"
7,7,7,칠보공예기법 배우고 물고기 목걸이 만들기,60000,0,0,30,하,서울 관악구,3,0,0,"고대부터 이어져 내려오는 전통 칠보기법(enameling)을 배워보세요.

물고기 모양 금속판 위에 좋아하는 색상의 유약을 뿌리고 고온(700-800도)으로 구워서 완성합니다.

알록달록 칠보 물고기 2마리를  가죽줄에 대롱대롱 배달아 예쁜 목걸이를 만들어보아요.

수강료에 재료비가 포함되어 있습니다."
8,8,7,울산 금속공예 실버 주얼리 클래스,60000,0,0,20,중,울산 남구,4,0,0,"<황동 오브제 클래스>
황동을 이용한 티코스터, 책갈피 등을 만들어 갈 수 있는 황동 오브제 원데이 클래스

<실버 주얼리> (3.75g 기준)
92.5% 법정 순은 은선,은판을 활용한 주얼리(반지,목걸이,귀걸이,팔찌) 
실톱,세공 줄, 핸드피스 등 각종 세공 도구의 사용법을 익혀 나만의 주얼리를 만들 수 있는 클래스
-쥬얼리 종류, 디자인, 체인 굵기등에 따라 수강료 및 재료비가 변경/추가됩니다.

<실버 + 원석 주얼리>  (천연석, 체인 등은 재료비 별도)
전반적인 은 세공 과정과 함께 천연석 선택, 그에 맞는 난집을 활용한 초심자도 만들 수 있는 난이도의실버 원석 주얼리 제작
실톱,세공 줄, 핸드피스 등 각종 세공 도구의 사용법을 익힐 수 있는 원데이 클래스
(반지,목걸이,팔찌,귀걸이 등)
작업 디자인에 따라 1,2회차에 나누어 클래스 진행 가능

<왁스카빙>(체인 별도 재료비 발생)
다양한 왁스의 성질에 대해 배우고 선왁스를 베이스로 인두기와 조각도를 이용하여
자연스럽고 추상적인 디자인 주얼리 제작에 적합한 원데이 클래스 
(은 세공 클래스에 비해 초보자도 쉽게 작업이 가능합니다) 단체 클래스에 추천드립니다.
자유 디자인 or 다양한 꼬임 기법을 익힐 수 있음 (반지,귀걸이,목걸이,팔찌 가능)
*수업 이후 주물과정으로 1,2주 후 작품 수령 가능(픽업 또는 택배)
*(1개 주물비 무료, 3.75g 초과 시 별도 금액 추가, 추가 주물 비 15,000원 3.75g기준)"
9,9,12,DIY 나만의 오르골 만들기,68000,0,0,10,하,경기 파주시,6,0,0,"1.  오르골 베이스를 골라요.

2. 오르골 위에 올라가는 데코레이션을 골라요.

3. 오르골 작동시 나오는 멜로디를 골라요.

4. 오르골 위에 데코를 배치해 보고 오르골 만들기를 시작합니다.

5. 조립 후 오르골에 자기 이름 또는 오늘의 날짜, 그림등을 자유롭게 적고 나면 완성입니다."
10,10,11,🌹세라믹플라워볼 만들기🌷,35000,0,0,25,하,서울 마포구,2,0,0,"🌸세라믹플라워볼 만들기 수업입니다.
(🌺 한시적 할인 이벤트 가격입니다,조금만 서둘러 주세용🌼)

추운겨울이 지나가고 드디어 따뜻한 봄이 찾아오고 있습니다~ 새록새록 피어날 꽃들을 도자기볼위에 먼저 담아보시면 어떠실까요?🌹

다양한 모양의 그릇을 선택(택1) 개인취향에 맞게 장식가능하십니다~
* 원형틀 : 약 20cm 내
* 팔각볼 : 약 28*17*4cm
* 타원볼 : 약 26*15*5cm
(정해진 모양 이외 자유로운 모양으로도 만들 수 있습니다. 편하게 문의하세용)

*도자기 소요과정
성형 후 건조>1차 소성(850도)>다듬기>시유>2차소성(약1250도)>연마작업 및 마무리
약 3-4주정도의 시간이 소요되는 모든 공정과정을 거쳐야 완성이 되어 받아보실 수 있습니다~
지루한 시간이시겠지만 기다리시는 시간만큼 꼼꼼하게 살펴 최대한 만족스럽게 완성되어 전달드릴 수 있도록 노력하고 있습니다:-)조금만 양해 부탁드립니다.

🐻완성된 작품은 개별적으로 픽업연락을 드리고 있으며 방문가능한 날짜와 시간을 말씀해 주시면 되십니다~
방문수령 혹은 택배발송(포장비포함 4,000원)도 가능하시나 안전포장을 하여도 파손 우려가 있어 가능한 방문하셔서 수령하시길 권장드립니다.

*예약시간이외 희망하시는 시간있으시다면 문의주세용🐻
*이외 궁금하신 사항있으시다면 문의주세용🐻

"
11,11,29,한국과 런던에서 익힌 꽃에 대한 모든 것 120분동안 전부 알려드려요!,78000,0,0,20,중,서울 강남구,3,0,0,"01. 아틀리에 해사 소개 (10min) 

꽃을 시작하게 된 계기, 한국과 런던을 오가며 배운 나라별 꽃의 특징에 대해 설명해 드립니다.


02. 생화 및 부자재 구입처 & 생화 셀렉 방법 (15min) 

꽃과 부자재를 구입할 수 있는 거래처와 방법에 대해 설명해 드린 후 더 예쁜 꽃을 만들기 위한 해사만의 꿀팁! 생화를 조화롭게 셀렉하는 방법에 대해 알려드립니다. 해사의 원데이 클래스를 수강하시면 직접 꽃시장에서 꽃을 셀렉해 집에서 즐기실 수 있도록 만들어 드려요!


03. 영감 받을 수 있는 레퍼런스 & 사이트 제공 (10min)

혼자 꽃시장에서 꽃을 셀렉 할 때 도움 받을 수 있는 해사의 레퍼런스와 다양한 이미지를 참고 할 수 있는 사이트를 제공해 드립니다. 원데이 클래스 수강이 아깝지 않게, 집에 돌아가셔서 수업 내용을 100% 활용하실 수 있게 수업을 진행합니다.


04. 수업 아이템 소개 및 설명 (75min)

♥ 해사의 6가지 아이템으로 ‘세미플로리스트’가 되실 수 있어요! 

hand tied / flower basket / vase styling  / table centerpiece / hanging wreath  / hair dress
위 6가지 중 원하시는 아이템을 선택해 수강하실 수 있으며 6가지 아이템을 모두 수강하시면 셀프웨딩, 셀프돌상, 홈파티, 홈카페 어떤 스탕일링도 연출하실 수 있습니다. 한국과 런던을 오가며 배운 기본적인 부자재의 활용법부터 디자인의 확장, 3년 동안 작업실 운영하며 터득한 해사만의 꿀팁까지 모두! A부터 Z까지 알려드립니다.

♥ 최대 3인 소규모 레슨으로 꽃에 대한 궁금증을 전부 해소해 드립니다!

해사는 최대 3인 소규모로 수업을 진행 해 한 분 한 분 꼼꼼하게 크리틱을 도와드립니다. 또한 프라이빗하게 수업이 진행되기 때문에 꽃에 대한 궁금하신 모든 것을 자유롭게 질문하실 수 있으며 얻어가실 수 있습니다.

♥ 꽃을 더욱 예쁘게 담을 수 있는 사진 찍는 구도부터 보정까지 전부 알려드립니다!

유한한 꽃을 사진으로 남기는 일도 중요합니다. 사진을 예쁘게 담을 수 있는 구도부터 색감 보정 방법까지 모두 배워가실 수 있습니다.

05. 마무리 및 정리 (10min)


-
무엇이든 터무니없이 저렴한 것엔 이유가 있습니다. 
합리적인 수강료로 계절의 컨디션 좋은 예쁜 꽃과 디자인 전해드릴게요. 
수강료가 아깝지 않은 집에 돌아가 100% 활용 가능한 꽃 수업 약속드립니다.

"
12,12,22,따뜻한 봄 햇살처럼 예쁜 수채화캘리그라피,30000,0,0,15,하,경기 수원시,6,0,0,"안녕하세요~
그림그리고 글씨쓰는 담소캘리입니다~♡


새로움이 가득한 봄, 어떤 계획이 있으신가요?
꽃들은 흐드러지게 피고 따뜻한 햇살이 반겨주는 봄~
수채화로 그림도 그리고 예쁜 글귀도 적어보는 작은 내 시간을
만들어보는건 어떠실까요~♡
담소캘리가 간단한 수채화를 얹은 붓펜캘리그라피를 준비했어요~


멀리 계신 분들도 만나고 싶어 온라인 비대면 수업을 합니다~
월, 수요일 오전에 진행하는 클래스이니 시간확인 해주세요~🤗💕

수업을 신청하시면 재료키트를 보내드립니다.
신청하신 수업일정에 맞게 수업링크 드릴거구요~
저와 쌍방향 실시간 수업으로 시작합니다~
매주 함께 할 작품이 있어요~
글씨연습으로 붓펜과 친해지고, 수채화 그림도 그릴거예요~
그렇게 연습하신 글귀와 그림을 작품으로 완성하시는 수업입니다~

완성하신 작품을 선물하셔도 좋구요~
액자에 끼워두시면 멋진 인테리어소품이 될 수도 있답니다~♡


따뜻한 봄, 함께 하고싶어요~🙆‍♀️💕"
13,13,21,치명적인 귀여움 [ 미니 페이퍼 다육이 ] 클래스 ,25000,0,0,20,하,인천 부평구,4,0,0,"[ 미니 페이퍼 다육이 ] 만들기 *

1. 2가지 타입의 화분 중 1가지를 선택합니다.
2. 그린컬러 or 원하시는 다른 컬러의 주름지를 이용하여 도안대로 잘라줍니다.
3. 기법을 이용하여 잎의 모양을 잡아주고, 붙여줍니다.
4. 화분에 디스플레이 한 후 마무리 작업을 한 후, 사진 촬영 및 포장을 합니다.

소요시간은 총 2시간 소요됩니다."
14,14,32,커스텀대로 만드는 반려견 수제비누,50000,0,0,10,중,경기 남양주시,6,0,0,"
저는 수제비누로 애들 목욕시키고부터
피부병으로 인해 병원 가는 일이 더 이상 없어졌어요
👋🏻👋🏻👋🏻


반려견 뿐만 아니라 저희 가족도 수제비누를 사용하는데,
정말 건조함을 느끼지 못 할 뿐더러
샤워시간도 단축되고 여러모로 장점이 많은 것 같아요👶🏻


비누는 단단히 굳히는 30일정도의 시간이 필요해요
다 만든 비누는 틀에서 빼내어 조각 낸 후,
자택으로 배송됩니다 :)
비누가 굳어가며 은은히 풍기는 아로마향으로 방 안이 가득 채워질거에요.
사용감도 좋지만 방향으로도 좋은 수제비누,


반려견 비누와 견주님 비누를 함께 만들 시, 추가 3만원 입니다🛀🏻


"
15,15,10,[성수동데이트]나만의 도마만들기 도마원데이클래스,68000,0,0,25,중,서울 성동구,4,0,0,"정근날 도마 원데이 클래스
목공예를 처음 시작하시는분들도 부담없이 
시작하실 수 있는 클래스입니다 :)

기본적인 나무의 성질을 이해하고  
원하는 디자인으로 제작하는 과정을 통해 
목업 프로세스를 경험하실 수 있습니다.

아이디어스 도마 수강 프로세스

· 1: 수종(화이트오크, 월넛, 체리, 메이플)을 선택하여 대패면잡기를 합니다.
· 2: 작업할 도마의 사이즈를 토대로 재단을합니다.
· 3: 공방장님과 상의후 원하는 디자인 스케치를 합니다.
· 4: 스케치를 따라 재단을 합니다.
· 5: 모따기 및 샌딩을 통해 도마를 다듬어줍니다.
· 6: 오일마감을 하여 마무리를 합니다.

* 소요시간은 약 2시간 30분으로 개인마다 약간의 차이가 있습니다.
* 수종변경시에는 미리 연락 부탁드립니다.
 (기본 수종 레드오크)
* 원하시는 날짜 및 시간 예약을 하고 싶은데 예약이 
불가한 상태로 보여지는 경우에는 메세지 부탁드립니다.

선물용으로 뿐만아니라 일인가구도 감성적인 식생활을 
위해 플레이팅용으로 많이 사용하는 원목도마이기에
직접작업해서 만드는 뿌듯함과 사용할 수 있는 실용성
모두 만족하실 수 있습니다 :)

정근날 오프라인 클래스에서는
다과와 커피를 제공하고있으니
편안하게 공간을 이용하시며
우드워킹을 즐기시길 바랍니다 :)


이런 분들에게 추천해 드립니다!

· 목공예를 시작하고 싶지만 시작이 어려웠던 분
· 지친 일상에서 스트레스 해소가 필요한 분
· 여가시간에 건강한 취미를 갖고 싶은 분
· 친구 및 연인과 생산적인 데이트를 하고 싶으신 분
· 집들이 및 어른들의 선물로 의미있는 선물을 하고 싶으신 분

나를 위해 혹은 소중한 사람을 위해
정근날과 함께 공간 한켠을 채워가는 시간이
즐거운 추억이 되시길 바랍니다 :)


• 총 소요시간: 2시간 30분
• 수강 가능시간:매일 10:00 - 22:00 중
시간은 협의하에 진행 가능합니다.
• 기본 수종: 레드 오크
• 기본 사이즈: 약 400 x 220mm
(약간의 오차있음)
• 가격: 7만원(사이즈, 수종별 가격상이)
• 도마의 형태는 상의하에 원하는 형태로
직접 디자인 하실 수 있습니다."
16,16,11,[서울 도자기 맛집][무제한 만들기] 물레로 코로나를 돌려 없애버리자!!,36000,0,0,15,하,서울 강북구,3,0,0,"신규 오픈 이벤트로 할인가격으로 물레체험 하세요!!

도자기 맛집으로 동네 소문 자자한 모아스튜디오공방입니다!
11월 공방을 이주하여 새롭게 리뉴얼된 모아스튜디오에서 물레체험을 진행합니다~ :)
눈으로만 보던 물레체험을 도심에서 즐겨보세요! 
연인, 친구, 가족 모두 즐겁게 체험하고 가십니다 :)
수업은 한분이라도 예약해주시면 그 시간대 클래스는 마감하며, 대부분 1:2 또는 1:3의 소수로만 수업을 진행합니다 :)
1:1수업이라고 부담되신다면 친구, 연인, 가족분들과 즐거운 추억을 만들어가세요!

1. 수업전 제작 희망작품 상담 및 안내사항 전달
2. 물레 작동법 및 샘플링 시범
3. 즐겁게 물레체험 시작!!
**수업시간내에 만드는 작품은 모두 완성작으로 구워드리며, 완성 갯수는 #무제한# 입니다!!
4. 자리 정리 후 전달사항 안내

*후 작업으로 완성까지의 도자기 가마소성 과정*
1. 체험 완료된 작품을 1~2일 반건조 후 굽깍기 및 다듬기
2. 3~4일 자연건조
3. 1차 가마소성(850도)4~5일
4. 유약 시유
5. 2차 가마소성(1250도)5~7일

(가마 소성 스케쥴에 따라 일정이 변경 될 수 있으며, 총 완성 기간은 4~6주정도 입니다.)

모두 완료가 되면 개별 연락처로 연락을 드리며,
도자기는 택배사정상 파면책 동의를 하고 보내드리기에 직접 픽업을 추천드립니다."
17,17,21,[강남] 💜몽환적이고 화려한 감각적인 푸어링 아트로 예술가 되보기💜,47000,0,0,20,하,서울 서초구,2,0,0,"푸어링 아트는 색상 선택만 잘 한다면 누구나, 몽환적이고 예쁜 작품을 만들 수가 있어요.


​

🌌아크릴 푸어링 수업은 이렇게 진행 됩니다🌌

​

1.아크릴 푸어링이란?

재료 소개 및 푸어링 방법 소개

​

2. 캔버스 크기와 컬러 선택

기본 4호 캔버스 (33.4x24.2cm) 하나와 10x10cm 캔버스 하나가 제공되며
화실에서 직사각, 정사각, 원형, 육각형 등 추가변경 가능합니다.

​

3. 보조제와 컬러를 섞고 캔버스에 작업 시작

처음에는 작은 캔버스에 보조제와 물감 비율을 맞춰 푸어링 연습을 해줍니다.

​

4. 푸어링아트가 마무리 되면 건조 후 마무리 코팅 작업을 해 드립니다.

(작업 후 4일 뒤에 찾으러 오시면 되요.)

​

작업은 2시간이지만 속도에 따라서 개별적으로 차이가 날 수 있습니다.

​

​

*클래스는 수요일/일요일 11시에만 진행합니다*

(이 외의 일정은 별도로 문의주세요)"
18,18,1,아루온 디저트&오브제 캔들 원데이클래스 ,45000,0,0,25,중,서울 동대문구,3,0,0,"따뜻하고 사랑스러운 공간 아루온입니다. 
캔들 두가지를 만들어가는 커리큘럼이예요! 
귀엽고 사랑스러운 캔들을 만들어가실 수 있어요. 
처음 접하시는 분들도 어렵지 않고 즐겁게 배우실 수 있어요. 

[ 클래스 커리큘럼 ] 
A 택1 + B 택1 
총 2가지 캔들을 만들어가는 클래스입니다! 

A : 스크류캔들 / 미니케이크캔들(지름 7cm) / 시나몬캔들 / 테라조캔들 / 부케캔들(+5000원) / 구겔호프(+5000원)  
B : 수채화캔들 / 미니라떼캔들 / 하트젤캔들 / 왁스타블렛 / 곰돌이캔들 / 토끼캔들 / 마카롱 3P 


[클래스 진행순서]
1. 전체적인 클래스 설명
2. 디자인 구상
3. 캔들제작
4. 사진 촬영 및 포장
"
19,19,21,[강남]🎨 꾸덕한 유화로 멋진 작품 만들면서 함께 스트레스 날려보기!⭐,39000,0,0,20,하,서울 서초구,5,0,0,"
★샤뜰리에화실 유화 원데이클래스 에서는 
꾸덕한 질감의 작품을 완성 할 수 있습니다.

(오시기 전 문자나 메세지로 그리고 싶은 그림을 꼭 보내주세요!
1:1 맞춤 상담이 진행되며, 미리 스케치와 컬러가 세팅 되어 집니다.)


★원데이 클래스는 2시간 기준 입니다.
(1시간 추가시 7,000원/4시간 이상 들을시 원데이클래스 2매 구매 하셔야 합니다)


★ 작품의 난이도에 따라 그림 그리는 시간이 달라집니다.
(색이 많거나 인물, 복잡한 풍경, 꽃다발, 화병 등의 어려운 난이도의 경우
 2시간 이상 걸릴 수 있다는 점 참고 해주세요!)


★기본 제공되는 캔버스는 2호(18x21cm) 입니다.
(더 큰 사이즈는 화실에서 구매 가능 합니다.)


★개별 작업과 개별 커리큘럼으로 진행 됩니다.
(그림에 따라 재료 변경 가능 합니다)


★그림은 화실에서 2주~한달간 건조 후 에 가져가시게 됩니다.
(택배 배송시 택배비 별도)


--------------------------------------

샤뜰리에화실은 최대인원 5명으로
마스크 필수착용, 체온측정, 손소독으로 코로나 19 방역수칙을 준수합니다.

---------------------------------------------------
샤뜰리에화실은
'예술' 이라는 취미를 제공 할 뿐만 아니라
예술을 향유함 으로써 상승되는
자신의 가치를 느낄 수 있도록
경험을 제공 하는 공간 이에요.

모든 전문가용 미술 재료가 포함되고
전문 강사와 원장 선생님의 직강을 통해
처음부터 마지막까지 수강생 한 분 한 분 책임지고 있어요.
---------------------------------------------------"
20,20,11,물레성형으로 나만의 도자기만들기,38000,0,0,15,하,서울 강북구,2,0,0,"안녕하세요, 강북구 미아동에 위치한 오서방도자기입니다.

오서방이라는 이름처럼 친근하고 화려하진 않지만
옆에 두었을 때 정감가는 도자기를 물레 작업으로
한땀한땀 수작업으로 만들어내는 도자기그릇 입니다.

물레 작업은 어렵다고 생각하지만 배울수록
매력있는 작업입니다.


물레성형을 기본으로 한 초보자클래스이며
물레성형으로 원하는 그릇 잔 모든지 만드실수있습니다
흙을 처음 접한 분들도 누구나 쉽게 만들수 있도록
기초부터 잡아드립니다



<클래스안내사항>

- 수업시간은 총 1시간30분으로 진행되며
개인의 역량에 따라 시간이 단축될수도 있습니다

- 수업료엔 기본 흙재료비와 가마소성비가 포함된 금액입니다

- 만드신 작품은 3~4주후 받아 보실수있습니다

- 유약은 투명유와 흙유로 구성되며
완성된 작품은 블랙과 아이보리색으로 제작이 됩니다

- 수령방법은 파손의 위험이 있어
직접 수령하시길 권유드리나 택배요청시 착불로 배송됩니다
도자기의 특성상 꼼꼼하게 포장해 드리는 부분으로 포장비 2000원 추가됩니다

- 완성작 수령은 신문지 포장후 깨지지않게 여러겹으로 뽁뽁이 포장하여 드립니다

- 손으로 만든 도자기의 특성상 뒤틀림, 점, 갈라짐 ,
작은돌기, 기포, 유약의 눈물 자국등이 생길 수 있으며
이로 인한 환불요청시 환불사유가 될수없습니다

- 코로나로 인한 방역에 최선을 다하고 있으며
수업시 체온측정 마스크착용은 필수로 진행됩니다

- 공방운영시간 : 평일 10:00 ~16:00 / 주말 10:00 ~ 16:00 (정기휴무일은 따로없습니다)

- 수업가능인원 : 최소 1명 ~최대 2명
"
21,21,14,"[나와 일행만, 소수정원] 향긋한 레몬케이크+도시락 아크릴화 체험하기",40000,0,0,15,하,서울 관악구,2,0,0,"‼️‼️‼️적혀져 있는 클래스 시간대는
임의로 적어둔 시간대입니다‼️‼️‼️

클래스 모집을 위해 임의로 적어둔 시간임으로 원하시는 날짜/시간을 채팅으로 문의 주신 후 예약을 잡아주셔야합니다:)

안녕하세요! 포뇨솜 입니다!!
가격대비 퀄리티 높은 맛있는 레몬케이크를 가져가실 수 있습니다:)

클래스를 통해 경험을 쌓고 다양한 손님들을 만나며 저도 힐링하는 시간을 보내고 싶습니다:)
친절한 클래스를 진행하며 지친 일상에 잠시나마 힐링하실 수 있도록 최대한 도와드리겠습니다!

-재료비는 무료입니다:)
준비물은 설레는 마음과 열정만 가져오셔도 충분합니다.


- 한분한분 소홀하지 않도록 챙겨드리기 위해 극 소수인원만 진행합니다.
최소1:1, 최대2:1로도 진행하고 있기에 꼼꼼한 케어가 가능합니다:) 카페운영 경력이 있기에 믿고 따라주셔도 됩니다!

- 포뇨솜 공방의 특권!! 케이크가 구워지는 동안 도시락에 그림을 그리며 베이킹과 미술 1석2조의 체험을 해보실 수 있습니다:)

- 레시피 제공해드립니다:)

- 수강은 상시 모집중이며 평일기준 1인이상일때에도 진행됩니다.

- 1인기준 6개 가격이며 더 많은 양을 원하실 경우 채팅 부탁드립니다.

Q. 베이킹을 처음 접해보는데 가능할까요?

- 꼼꼼한 케어와 단계별 커리큘럼으로
완성된 디저트를 가져갈 수있게 도와드립니다:)

Q. 클래스는 어떻게 진행되나요?

- 아래 커리큘럼을 적어두었습니다!

*커리큘럼
1. 만드는법, 도구와 재료 소개
2. 반죽 만들기
3. 굽기
4. 식힌 후 아이싱하기
5. 제품 포장

*클래스 안내
-시간: 월,화,수,목,금,토,일 09:00~22:00 전 타임 가능합니다."
22,22,11,[입점할인]🍰나만의 홈카페 플레이트만들기☕️,45000,0,0,20,하,서울 마포구,2,0,0,"홈 카페 플레이트 만들기 수업입니다.🐻

집에서 시간 보내는 날들이 익숙해져 버린 요즘에... 나만의 홈 카페 느낌을 주기 위한 플레이트 만들기 어떠신가요?
예쁜 그릇 하나만 바꿔도 분위기가 달라지고 더 기분 좋고 여유로운 시간을 보내실 수 있답니다.

약 20cm 이내 크기에 홈 카페 플레이트를 만들어 보실 수 있습니다.
(정해진 모양 이외 자유로운 모양으로도 만들 수 있습니다. 편하게 문의하세용)

*도자기 소요과정
성형 후 건조>1차 소성(850도)>다듬기>시유>2차소성(약1250도)>연마작업 및 마무리
약 3-4주정도의 시간이 소요되는 모든 공정과정을 거쳐야 완성이 되어 받아보실 수 있습니다~
지루한 시간이시겠지만 기다리시는 시간만큼 꼼꼼하게 살펴 최대한 만족스럽게 완성되어 전달드릴 수 있도록 노력하고 있습니다:-)조금만 양해 부탁드립니다.

🐻완성된 작품은 개별적으로 픽업연락을 드리고 있으며 방문가능한 날짜와 시간을 말씀해 주시면 되십니다~
방문수령 혹은 택배발송(포장비포함 4,000원)도 가능하시나 안전포장을 하여도 파손 우려가 있어 가능한 방문하셔서 수령하시길 권장드립니다.

*예약시간이외 희망하시는 시간있으시다면 문의주세용🐻
*이외 궁금하신 사항있으시다면 문의주세용🐻

"
23,23,6,[홍대/연남] 내손으로 만드는 가죽키링,28000,0,0,15,하,서울 마포구,3,0,0,"아노말리는 연남동과 끝자락 부근에 위치한
소규모 공방 및 쇼룸으로 천연베지터블 가죽을 주소재로 
주문제작과 클래스를 진행하기도 하고 
제가 함께 지내는 강아지들과 출근해 
작업하는 공간이기도 한데요 :)
평소 보물찾기를 하듯 골목골목 
소소하고 특색있는 공간을 찾아다니시는 것을 
좋아하시는 분들이라면 주변골목도 구경하시고 
잠시 이곳에 머물러 저와 함께 가죽에 손바느질을 하며 
천천~히 흘러가는 시간을 즐겁게 채워가시는건 어떠실까요?

아노말리로 가죽하러오세요~! :)

----------------------------------

1단계) 재료 소개 및 도구 사용설명
미리 재단 해 놓은 가죽 위에 구멍을 내어 줄 도구들과 
바느질 구멍을 내는 방법에 대해 안내받으신 후 타공.

2단계) 실 색상 선택
개인의 취향에 맞는 실 색상을 선택합니다.

3단계) 바느질 설명 및 바느질
제품에 해당하는 바느질 기법을 안내 해 드립니다.

4단계) 단면마감
패턴에 따라 단면마감을 2단계에서 
진행하게 될 수도 있지만 
보통은 마지막 단계에서 마감을 합니다.


※ 앞면 각인추가 무료
후면 각인추가 미포함가격입니다. ※

-------------------------------------

- 일행 외 다른팀과의 수업을 동시 진행하지 않습니다.  
  (단 한분만 예약하셔도 클래스는 진행됩니다.)
  그 시간은 오롯이 예약자님 혹은 예약자님과 
  함께 하시는 분의 소중한 시간이에요.
  아노말리는 프라이빗클래스로 운영됩니다. :)


- 수업은 최대 3:1 수업까지 가능합니다.

- 개인차가 있지만 완성까지 최대 1시간 30분 정도의 
   시간이 소요 되실 수 있습니다.

- 웰컴드링크, 약간의 주전부리가 준비되어 있습니다.


사용자와 함께하는 시간이 오래 될 수록 
의미를 더 해가는 가죽제품들.
직접 만들어 보실 수 있어요.

- 아노말리에서는 원데이수업고객님들께
즐거운추억을 오래 간직하시기 바라는 마음을 담아
폴라로이드사진을 한장씩 찍어드리고 있습니다 :)


평일 1시~8시
토요일 1시~8시
일요일 휴무


※ 사전연락을 통여 스케줄을 협의 후 예약이 완료됩니다.
메세지를 통하여 문의 부탁드립니다 :)"
24,24,6,"[홍대/연남] 엄마와 딸이 함께 만드는 가죽 도장케이스,립밤케이스",37000,0,0,20,하,서울 마포구,3,0,0,"아노말리는 연남동과 끝자락 부근에 위치한
소규모 공방 및 쇼룸으로 천연베지터블 가죽을 주소재로 
주문제작과 클래스를 진행하기도 하고 
제가 함께 지내는 강아지들과 출근해 
작업하는 공간이기도 한데요 :)
평소 보물찾기를 하듯 골목골목 
소소하고 특색있는 공간을 찾아다니시는 것을 
좋아하시는 분들이라면 주변골목도 구경하시고 
잠시 이곳에 머물러 저와 함께 가죽에 손바느질을 하며 
천천~히 흘러가는 시간을 즐겁게 채워가시는건 어떠실까요?

아노말리로 가죽하러오세요~! :)

----------------------------------

1단계) 재료 소개 및 도구 사용설명
미리 재단 해 놓은 가죽 위에 구멍을 내어 줄 도구들과 
바느질 구멍을 내는 방법에 대해 안내받으신 후 타공.

2단계) 실 색상 선택
개인의 취향에 맞는 실 색상을 선택합니다.

3단계) 바느질 설명 및 바느질
제품에 해당하는 바느질 기법을 안내 해 드립니다.

4단계) 단면마감
패턴에 따라 단면마감을 2단계에서 
진행하게 될 수도 있지만 
보통은 마지막 단계에서 마감을 합니다.


※ 각인추가 미포함가격입니다. ※

-------------------------------------

- 일행 외 다른팀과의 수업을 동시 진행하지 않습니다.  
  (단 한분만 예약하셔도 클래스는 진행됩니다.)
  그 시간은 오롯이 예약자님 혹은 예약자님과 
  함께 하시는 분의 소중한 시간이에요.
  아노말리는 프라이빗클래스로 운영됩니다. :)


- 수업은 최대 3:1 수업까지 가능합니다.

- 개인차가 있지만 완성까지 최대 2시간정도의 시간이 소요 되실 수 있습니다.

- 웰컴드링크, 약간의 주전부리가 준비되어 있습니다.


사용자와 함께하는 시간이 오래 될 수록 
의미를 더 해가는 가죽제품들.
직접 만들어 보실 수 있어요.

- 아노말리에서는 원데이수업고객님들께
즐거운추억을 오래 간직하시기 바라는 마음을 담아
폴라로이드사진을 한장씩 찍어드리고 있습니다 :)


평일 1시~8시
토요일 1시~8시
일요일 휴무


※ 사전연락을 통여 스케줄을 협의 후 예약이 완료됩니다.
메세지를 통하여 문의 부탁드립니다 :)"
25,25,21,[합정]꾸덕꾸덕 질감이 살아있는 나이프화,35000,0,0,20,하,서울 마포구,6,0,0,"이번에 준비한 클래스는
나이프를 사용해서 아크릴 작품을 만들어보는 클래스 입니다.

붓만 사용하기 보다는
색다른 재료를 다뤄보고

꾸덕꾸덕한 질감을 살려서 작품을 만들어 보고 싶으신 분들에게 추천해드립니다.


그리고 싶은 이미지를 찾아오셔도 되고 (상의 후 결정) 
화실에 준비된 샘플 이미지중 고르셔서 하셔도 됩니다:-)

아크릴 물감에 다양한 보조제를 섞어
꾸덕꾸덕 재밌고 입체감이 있는 살아있는 작품을 완성할꺼에요 

"
26,26,29,[플라워바스켓] 힐링테라피 꽃생활을 위한 플라워클래스,65000,0,0,15,중,경기 시흥시,3,0,0,"편안하고 따뜻한 꽃마실을 즐길 수 있는 플라워 아틀리에 마실나온꽃 입니다.

나의 힐링테라피 꽃생활을 위한 플라워클래스를 오픈합니다.

열심히 달려온  지친 일상에 주는 쉼표와 선물로
계절을 느끼고 식물의 싱그러움을 즐기며 
내손으로 꾸며가는  
특별한 시간으로 초대합니다^^

월요병 타파를 위한 월요일 저녁반,
한주의 스트레스를 날릴 불금의 금요일 저녁반
아이디어스를 통해 만날 수강생 분들을 위해 준비된 시간!

플라워바스켓 또는 플라워 센터피스로 진행되며

글래스 순서는
! 제작할 바스켓의 디자인에대한 설명
!수업에 사용될 꽃에대한 정보 및 생화컨디셔닝 안내
!화기에 꽃을 어레인지 하는 방법 설명
!디자인에 맞춤 데몬스트레이션
!직접 꽃꽂이하기
!실습작품에 대한 피드백 및 디자인 마무리
!사진촬영
!포장
으로 진행되며 과정컷, 작품완성컷 모두 보내드립니다.
"
27,27,5,라온핸즈 나뭇잎파우치만들기,35000,0,0,20,하,경기 남양주시,6,0,0,"즐거운 뜨개공간 라온핸즈 입니다.

나뭇잎파우치 만들기 원데이클래스 입니다.

내손으로 만드는 귀여운 파우치^^

손과 열정만 있다면 누구나 가능합니다~

라온핸즈 나뭇잎파우치는 패브릭얀을 사용해서 완성시간이 오래걸리지 않습니다.

두꺼운 실과 코바늘로 코바늘뜨개기법의 기본인 짧은뜨기만을 사용해 완성합니다.

초보자분들이 쉽게 만드실수있지만 완성도는 높은 착한 파우치랍니다.^^

뜨개작품이 완성되면 끈을 끼우고, 쪼꼬미 라벨과, 포인트 나뭇잎을 달아주면 예쁘게 완성 됩니다.

모든재료는 준비해 드리고, 바늘이 없으신분들은 빌려드립니다.

가벼운 마음으로 오셔서 즐겁게 배우시면 되어요~~~ "
28,28,5,달콤 컬러 착한 보틀백  텀블러백 ,60000,0,0,25,하,서울 은평구,3,0,0,"나를 사랑하게 되는 시간 손끝 감성 힐링 
스튜디오 동그란입니다. 

동그란 매듭으로 무궁무진한 마크라메 세계에 초대합니다. 

마크라메는 매듭으로 섬유를 만드는 아라비아 전통 매듭공예랍니다. 
특별한 도구 없이 오직 나의 손으로 매듭을 지어 무궁무진한 
마크라메 작품을 만들 수 있습니다. 

******************************************

달콤 컬러 착한 보틀백 텀블러백 

코로나로 인해 요즘 일회용품 사용이 많아졌다고 하죠~
커피 한잔이라도 테이크 아웃할 때 텀블러를 사용하고 
일회용품 줄이기 운동에 동참해 보는 건 어떨까요? 

내 텀블러도 감성입히기!!
텀블러백 들고 다니며 따뜻한 계절을 맞이해보아요. 



1. 실 재단하기 
2. 매듭배우기 
3. 거울판 붙이기
4. 거울에 실 감싸기 
5. 마무리 하고 실 자르기 
6. 진주 장식 달기
7. 포토타임 


예상 수업 시간 2시간 ~3시간 (작업 속도는 개인마다 차이가 있음)


"
29,29,5,진주를 품은 마크라메 거울 ,70000,0,0,25,하,서울 은평구,3,0,0,"나를 사랑하게 되는 시간 손끝 감성 힐링 
스튜디오 동그란입니다. 

동그란 매듭으로 무궁무진한 마크라메 세계에 초대합니다. 

마크라메는 매듭으로 섬유를 만드는 아라비아 전통 매듭공예랍니다. 
특별한 도구 없이 오직 나의 손으로 매듭을 지어 무궁무진한 
마크라메 작품을 만들 수 있습니다. 

******************************************

낭만을 비추는 비즈 진주 거울  

당신의 낭만은 무엇인가요? 
실을 하나하나 손으로 매듭지으면서 
소소한 행복과 낭만을 느껴보세요. 
반짝반짝 예쁜 진주 비즈로 장식하고 나면 
장식할 그곳을 상상하는 것 만으로도 힐링 
매일 거울을 보는 것 만으로도 낭만을 느끼실 수 있답니다. 


1. 실 재단하기 
2. 매듭배우기 
3. 거울판 붙이기
4. 거울에 실 감싸기 
5. 마무리 하고 실 자르기 
6. 진주 장식 달기
7. 포토타임 


예상 수업 시간 2시간 ~3시간 (작업 속도는 개인마다 차이가 있음)


"
30,30,5,홈카페 아이템 플리츠 마크라메 스탠드 커버 (스탠드 포함),60000,0,0,20,하,서울 은평구,3,0,0,"나를 사랑하게 되는 시간 손끝 감성 힐링 
스튜디오 동그란입니다. 

동그란 매듭으로 무궁무진한 마크라메 세계에 초대합니다. 

마크라메는 매듭으로 섬유를 만드는 아라비아 전통 매듭공예랍니다. 
특별한 도구 없이 오직 나의 손으로 매듭을 지어 무궁무진한 
마크라메 작품을 만들 수 있습니다. 

******************************************

플리츠 마크라메 스탠드 커버 

코로나로 인해서 집콕하고 있는 요즘 
내방을 홈카페로 꾸며보세요. 
플리츠 마크라메 스탠드 커버로 
내가 있는 곳이 홈카페로 변신 !!! 

내방 침실에 감성 한스푼 어떠실까요?


1. 실 재단하기 
2. 매듭배우기 
3. 프린지 달기 
4. 빗질하기 
5. 실 자르고 마무리
6. 포토타임


예상 수업 시간 2시간 ~3시간 (작업 속도는 개인마다 차이가 있음)


"
31,31,5,마크라메 글라스 플랜트 행거 ,60000,0,0,25,하,서울 은평구,3,0,0,"나를 사랑하게 되는 시간 손끝 감성 힐링 
스튜디오 동그란입니다. 

동그란 매듭으로 무궁무진한 마크라메 세계에 초대합니다. 

마크라메는 매듭으로 섬유를 만드는 아라비아 전통 매듭공예랍니다. 
특별한 도구 없이 오직 나의 손으로 매듭을 지어 무궁무진한 
마크라메 작품을 만들 수 있습니다. 

******************************************

글라스 행거  

유리병에 담고 싶은 소품을 넣어 감성을 채워보세요. 
베란다나 거실에서 쓰일 때는 식물이나 꽃
나의 책상 위에서는 문구류나 작고 긴 소품을 담고 
주방에서는 커트러리나 조리도구를 담아도 좋은 아이템이랍니다. 

식물걸이나 단순 벽장식 외에 실용적으로 사용해 보세요. 


1. 실 재단하기 
2. 매듭배우기 
3. 패턴 3개 반복 
4. 자르고 마무리 하기 
5. 소품 넣어보고 포토타임


예상 수업 시간 2시간 ~3시간 (작업 속도는 개인마다 차이가 있음)


"
32,32,5,레터링 마크라메 리스 ,60000,0,0,25,하,서울 은평구,3,0,0,"나를 사랑하게 되는 시간 손끝 감성 힐링 
스튜디오 동그란입니다. 

동그란 매듭으로 무궁무진한 마크라메 세계에 초대합니다. 

마크라메는 매듭으로 섬유를 만드는 아라비아 전통 매듭공예랍니다. 
특별한 도구 없이 오직 나의 손으로 매듭을 지어 무궁무진한 
마크라메 작품을 만들 수 있습니다. 

******************************************

레터링 마크라메 리스 

레터링을 넣을 수 있는 리스 입니다. 
감성 캠핑 소품 또는 사업장 내방 인테리어로도 좋습니다. 
조화를 이용하여 리스를 꾸미는데 
조화는 계절에 따라 달라질 수 있습니다. 

1. 실 재단하기 
2. 매듭배우기 
3. 레터링 하기 
4. 조화 고정하기 
5. 정리 및 마무리 
6.포토타임 

예상 수업 시간 2시간 ~3시간 (작업 속도는 개인마다 차이가 있음)


"
33,33,5,고급스러운 핸드폰 미니가방 예쁜데 실용성 갑  (마크라메 미니 보그백),65000,0,0,25,하,서울 은평구,3,0,0,"나를 사랑하게 되는 시간 손끝 감성 힐링 
스튜디오 동그란입니다. 

동그란 매듭으로 무궁무진한 마크라메 세계에 초대합니다. 

마크라메는 매듭으로 섬유를 만드는 아라비아 전통 매듭공예랍니다. 
특별한 도구 없이 오직 나의 손으로 매듭을 지어 무궁무진한 
마크라메 작품을 만들 수 있습니다. 

******************************************

미니 보그백 

휴대폰을 넣을 수 있는 휴대용 미니 가방입니다. 
조임 기능이 있어 흘러내리지 않도록 조일 수도 있고 
어깨끈도 길이 조절 가능하게 제작하였습니다. 
어깨끈은 가죽끈과 고급 마감장식으로 더욱 고급스러움을 더했습니다. 
예쁜 미니 가방 매고 양손의 자유로움을 느껴보세요. 

1. 실 재단하기 
2. 매듭배우기 
3. 가방 본체 완성하기 
4. 어깨끈 만들기 
5. 마감 장식 달기 
6. 정리 및 마무리 
7.포토타임 

예상 수업 시간 2시간 ~3시간 (작업 속도는 개인마다 차이가 있음)


"
34,34,5,새콤달콤 레터링 하트 월행잉 (마크라메 월행잉),55000,0,0,20,하,서울 은평구,3,0,0,"나를 사랑하게 되는 시간 손끝 감성 힐링 
스튜디오 동그란입니다. 

동그란 매듭으로 무궁무진한 마크라메 세계에 초대합니다. 

마크라메는 매듭으로 섬유를 만드는 아라비아 전통 매듭공예랍니다. 
특별한 도구 없이 오직 나의 손으로 매듭을 지어 무궁무진한 
마크라메 작품을 만들 수 있습니다. 

******************************************

새콤달콤 하트 레터링 월행잉 

소중한 기념일 또는 사랑스러운 친구를 위하여 
나의 마음과 정성을 선물해 보는 건 어떨까요? 
레터링을 추가로 작업 할 수 있어 친구 이니셜 혹은 
간단한 레터링 작업도 할 수 있어 
의미를 더할 수 있어요. 

1. 실 재단하기 
2. 매듭배우기 
3. 하트 월행잉 완성 
4. 레터링작업하기  
5. 완성 및 정리 
6. 포토타임  

예상 수업 시간 2시간 ~3시간 (작업 속도는 개인마다 차이가 있음)


"
35,35,5,통통한 매력이 있는 알리백 디어버킷백 ( 마크라메 가방 ) ,80000,0,0,25,하,서울 은평구,3,0,0,"나를 사랑하게 되는 시간 손끝 감성 힐링 
스튜디오 동그란입니다. 

동그란 매듭으로 무궁무진한 마크라메 세계에 초대합니다. 

마크라메는 매듭으로 섬유를 만드는 아라비아 전통 매듭공예랍니다. 
특별한 도구 없이 오직 나의 손으로 매듭을 지어 무궁무진한 
마크라메 작품을 만들 수 있습니다. 

******************************************

디어토트백 

청키실로 만드는 디어토트백 
매듭과 청키실로 만드는 이태리 명품 크로쉐 브랜드 스타일 
명품 스타일 가방입니다. 
컬러는 상담으로 미리 선택해 주시면 됩니다. 

1. 실 재단하기 
2. 가방 본체 만들기
3. 손잡이 만들기 
4. 가방끈 만들기 
5. 완성 및 정리 
6. 포토타임 

예상 수업 시간 2시간 ~3시간 (작업 속도는 개인마다 차이가 있음)


"
36,36,5,나만의 꿈동산 마크라메 월행잉 만들기 ,50000,0,0,20,하,서울 은평구,3,0,0,"나를 사랑하게 되는 시간 손끝 감성 힐링 
스튜디오 동그란입니다. 

동그란 매듭으로 무궁무진한 마크라메 세계에 초대합니다. 

마크라메는 매듭으로 섬유를 만드는 아라비아 전통 매듭공예랍니다. 
특별한 도구 없이 오직 나의 손으로 매듭을 지어 무궁무진한 
마크라메 작품을 만들 수 있습니다. 

******************************************

꿈동산 월행잉 

예쁜 나만의 꿈동산 만들기 
상큼하고 귀여운 꿈동산 미니 월행이 입니다. 
나만의 컬러와 감성을 담아 나만의 꿈동산을 만들어보세요. 

1. 실 재단하기 
2. 평매듭 배우기 
3. 실 컬러 고르기 
4. 프린지 넣기  
5. 자르고 다듬기  
6. 완성 및 정리 
7. 완성품 사진찍기 

예상 수업 시간 2시간 ~3시간 (작업 속도는 개인마다 차이가 있음)"
37,37,7, 탄생석 원석반지+레이어드볼반지+후기서비스반지1종 더!!!!!,30000,0,0,10,하,서울 마포구,4,0,0,"스케줄을 미리 열어놓지않아요 ^^ 시간상담후 스케줄 열어놓으니
메세지로 시간 상담 부터 해주세요 ^^ 되도록이면 맞춰드려요 ~~*

탄생석으로 반지원데이 클래스를 진행하게 된계기는 
저는 저만의 특별함을 좋아하는 작가입니다 커스텀을 위주로 클래스 진행하고 있어요 
생일에 대해 탄생석을 알아보던 저는 제 생일이 10월 오팔이라는 원석을 알게되었어요 ㅎ
다른월 탄생석은 어떤건지 알아보다 관심이 생겨서 만든 클래스 입니다 
주로 친구분들 가족 언니동생 우정반지로 서로의추억과 특별한추억을 쌓기 위해 많이 찾아주십니다
혹시 다른 컬러를 이뻐보이면 굳이 생일에 맞지 않아도 괜찮아요 !!!!! 



🌷 클래스 진행순서

-도구와재료 사용법 소개 본인에 맞는 손가락 호수 상담(5분)
-본인의 생일에 맞는 탄생석팬던트와 원석 고르기(담수진주가 메인이긴하지만 원석으로 변경가능합니다)(5분)
-탄생석팬던트와 재료로 탄생석반지와 레이어드 반지 제작하기(30분)
-제작완성후 사진촬영 하기 (5분)
-추가 제작시 메인반지당 7000원 레이어드반지 3000
"
38,38,7,법정순은925 은볼 비즈반지 + 순은체인반지 제작 (후기서비스반지!!!),38000,0,0,10,하,서울 마포구,4,0,0,"스케줄을 미리 열어놓지않아요 ^^ 시간상담후 스케줄 열어놓으니 
메세지로 시간 상담 부터 해주세요 ^^ 되도록이면  맞춰드려요 ~~*

순은이라고 하면은 함량이 99.9% 임을 의미해요. 
""은""은 금속 중에서 상당히 무른 편이예요
이렇게 순은은 실용성이 조금 떨어지기 때문에 
강한 금속을 섞어서 만든게 925실버에요.

925 실버, Sterling Silver, 법정순은은 함량 92.5%
실버 925라고 불리는 이유는
은이 92.5% 함유돼있기 때문인데요,

그래서 이번에 진행할 클래스는 법정순은볼로 
다양한 팬던트로 비즈반지를 만들어봅니다
데일리반지로도 엄청나게 고객분이 찾고 있어서 관심이 생겨서 만든 클래스 입니다 
주로 친구분들, 가족, 언니 동생 우정반지로 서로의추억과 특별한추억을 쌓기 위해 많이 찾아주십니다
여러차례 원데이클래스운영 경력 있어요 !!!!!


진행순서
-도구와재료 사용법 소개 본인에 맞는 손가락 호수 상담(5분)
-본인의취향에 맞는 팬던트 선택(5분)
-법정순은925 은볼 비즈 + 체인반지 제작(30분)
-제작완성후 사진촬영 하기 (5분)"
39,39,5,투웨이 네트백 클래스! 마크라메 가방,50000,0,0,25,하,서울 은평구,3,0,0,"나를 사랑하게 되는 시간 손끝 감성 힐링 
스튜디오 동그란입니다. 

동그란 매듭으로 무궁무진한 마크라메 세계에 초대합니다. 

마크라메는 매듭으로 섬유를 만드는 아라비아 전통 매듭공예랍니다. 
특별한 도구 없이 오직 나의 손으로 매듭을 지어 무궁무진한 
마크라메 작품을 만들 수 있습니다. 

******************************************

투웨이 네트백 클래스 

봄, 여름, 가을까지 편하게 사용 할 수 있는 네트백 클래스입니다. 
손잡이와 어깨끈 모두 있는 투웨이 네트백으로 
팔에 걸치거나 어깨에 맬 수 있도록 다양한 연출이 가능한 백입니다. 
마크라메 기초적인 매듭법을 배우기에도 좋은 클래스 입니다. 

1. 실 재단하기 
2. 가방 본체 만들기
3. 손잡이 만들기 
4. 가방끈 만들기 
5. 태슬만들기 
6. 완성 및 정리 
7. 완성품 사진찍기 

예상 수업 시간 2시간 ~3시간 (작업 속도는 개인마다 차이가 있음)


"
40,40,29,[원데이클래스] 봄느낌가득 생화꽃다발만들기 ,50000,0,0,15,중,경기 부천시,2,0,0,"-기본 꽃 손질, 꽃이름알기 
: 레슨시작 전 제작에 필요한 꽃들을 간단하게 손질한 뒤 꽃들의 이름을 알아보는 시간 

-제작 기본원리 알아보기 

-데몬 및 제작 

-포장 및 사진촬영"
41,41,11,그림그린그릇 키즈클래스 도자기핸드페인팅,30000,0,0,10,하,서울 영등포구,6,0,0,"그림그린그릇 키즈클래스는
5세이상- 13세 이하를 위한 클래스입니다.
초벌된 도자기에 그림을 그려 나만의 그릇을 만들어요.

* 키즈클래스 진행 안내*

공방에 있는 접시나 컵을 고릅니다.
(15센티 접시 Or 미니머그 1개 포함금액입니다. 더 큰사이즈나 다른 그릇은 추가금이 발생할 수 있습니다.)
(특별히 원하시는 그릇이 있을 경우엔 최소 일주일전 메시지 주시면 최대한 준비해드립니다.)

초벌도자기를 손질합니다.
연필로 스케치를 하거나 밑그림전사지를 사용해 밑그림을 완성합니다.
도자기전용물감으로 채색을 하거나 도자기전용크레용으로 그림을 완성합니다.

클래스에서 그린 도자기는 시유작업 후 가마소성을 거쳐 2~3주 후 받아보실 수 있습니다.

"
42,42,12,거품가득 [캐릭터/케이크 버블바] 만들기,60000,0,0,25,중,경기 성남시,2,0,0," ★★★ 꼭! 작가문의로 일정 협의 후 예약해주세요 ★★★

내가 원하는 캐릭터로 
세상에 단 하나뿐인 나만의 버블바를 만들어 보세요! 

버블바는 이름처럼
풍성한 거품으로 포근하고 향기로운 입욕을 도와줍니다. 
로맨틱한 분위기 연출은 플러스!


<★클래스 안내★>

클래스1. 캐릭터버블바 500g 
- 2가지 디자인 * 2개씩 총 4개를 만들어가실 수 있어요.

클래스2. 케이크버블바 500g
- 4조각 또는 6조각 커팅


<클래스 진행 과정> 

1. 디자인 구상
미리 생각해오신 캐릭터 또는 케이크 디자인을 보고
조색/소분량을 결정합니다. + 원하는 향도 선택! 

2. 캐릭터 또는 케이크 버블바 만들기
1) 가루재료와 액체제료 혼합
2) 원하는 향을 섞어줍니다.
3) 1.구상에 따라 소분/조색한 뒤 디자인합니다.

3. 포장단계
캐릭터버블바는 실링 후 상자에 /케이크버블바는 케이크상자에 넣어드려요. 

*향기로운 입욕제를 위해
다양한 아로마에센셜 오일과 프레그런스  오일이 준비되어있어요! 


<클래스예약 시 유의사항>

1. ★★★ 꼭! 작가문의로 일정 협의 후 예약해주세요 ★★★
10:00 / 12:00 / 3:00 / 5:00 / 7:00 타임
유동적으로 조정가능하니, 원하시는 시간대가 없으실 경우 문의해주세요.♥ 
(외부일정으로 2,3월 목요일은 수업 진행이 어렵습니다.) 

2. 1:1 또는 지인동반 2:1로 수업가능합니다.

3. 소요시간은 2시간~2시간30분 정도로, 디자인과 작업속도에 따라 차이가 있을 수 있습니다. 

tip) 완성도 있는 작품을 위해 미리 캐릭터/케이크 사진을 보내주시면 좋아요!!

"
43,43,12,[인기디자인]아보카도배쓰밤+오리/하트버블배쓰밤,60000,0,0,15,하,경기 성남시,2,0,0," ★★★ 꼭! 작가문의로 일정 협의 후 예약해주세요 ★★★

2021가장 인기있는 디자인만 엄선해서 클래스 오픈합니다. 

"" 쉬운 난이도
+ 친절하고 또 친절한 가이드"" 로
-> 처음 입욕제를 접해보시는 분들도 사진처럼 예쁜 작품을 만들어 가실 수 있어요! 


<★클래스안내★>
클래스1. 아보카도 배쓰밤 310g(3ea) + 오리 버블배쓰밤 300g(미니오리 5ea)
클래스2. 아보카도 배쓰밤 310g(3ea) + 하트 버블배쓰밤 300g (미니하트2+큰하트1 총 3ea) 

*아보카도 배쓰밤은? 
아보카도를 꼭 닮은 디자인의 배쓰밤은로
편리하게 사용할 수 있는 발포타입의 입욕제에요!
향 발산력이 우수하다는 장점이 있어요!

*오리or하트 버블배쓰밤은?
버블바? 배쓰밤? 둘의 장점을 모아모아
거품이 나는 발포입욕제 입니다. 
러블리한 하트모양 또는 2021 핫한 오리모양으로 만들어보실 수 있어요. 
(두 가지 디자인 중 택1)


<클래스 진행 과정> 

0. 수업 진행과정 및 주재료에 대한 간단한 설명 후 바로 시작!

1. 아보카도 배쓰밤 만들기
1) 가루재료와 액체재료를 혼합합니다.
2) 원하는 향을 넣어 골고루 섞어줍니다.
3) 아보카도 색상을 골고루 입혀준 후 몰드에 넣어 압축합니다.

2.하트 or 오리 버블배쓰밤 만들기 (택1)
1) 가루재료와 액체재료를 혼합합니다.
2) 원하는 향과 색을 넣고 골고루 섞어준 후 몰드에 넣어 압축합니다.

3. 몰드에서 탈형한 배쓰밤&버블배쓰밤을 포장합니다. 

*향기로운 입욕제를 위해
다양한 아로마에센셜 오일과 프레그런스  오일이 준비되어있어요! 


<클래스예약 시 유의사항>

1. ★★★ 꼭! 작가문의로 일정 협의 후 예약해주세요 ★★★
10:00 / 12:00 / 3:00 / 5:00 / 7:00 타임
유동적으로 조정가능하니, 원하시는 시간대가 없으실 경우 문의해주세요.♥ 
(외부일정으로 2,3월 목요일은 수업 진행이 어렵습니다.) 

2. 1:1 또는 지인동반 2:1로 수업가능합니다.

3. 소요시간은 1시간 30분 내외로, 작업속도에 따라 차이가 있을 수 있습니다. 

"
44,44,32,크리스탈 비누만들기,60000,0,0,20,하,부산 수영구,2,0,0,"반짝반짝 크리스탈 CP비누를 만드는 시간입니다.

식물성오일과 안전한 원료를 사용하여, 
안심하고 사용할 수 있는 
나만의 비누를 만들수 있습니다.
비누를 처음 만드셔도 쉽게 만들 수 있도록 알려드리니, 걱정하지마세요!

수업은 약 2시간 진행되며, 
디자인 및 레시피에 따라 변동될 수 있습니다.

[수업 진행]
1. CP 비누에 대한 간단한 설명 및 유의사항 안내
2. 비누 레시피 결정
3. 비누 제작
4. 정리 및  마무리

[제작수량]
600g 작업, 컷팅에 따라 4~5개


CP 비누는 비누 작업 후 
24~48시간의 보온 및 약 한달간의 건조기간이 필요합니다.

비누는 수업후 일주일 후에 
직접 픽업하시거나, 원하시면 택배 발송해드립니다.


가져가신 비누는 
한달정도 건조 후 사용하시길 권장드리며,
원하시면 공방에서 한달정도 건조 하실 수 있습니다.
"
45,45,7,세상에 단 하나뿐인 나만의 의미있는 원석 반지 만들기! 내꺼 친구꺼1+1,29000,0,0,15,하,서울 마포구,4,0,0,"1. 원석에 대한 설명, 원하는 효능, 의미에 대한 간단한 이야기(5분)
2. 기본도구와 재료소개(5분)
3. 원하는 컬러와 디자인 선택(5분)
4. 제작방법 소개 및 시연(10분)
5. 다양한 재료를 조합하여 나만의 반지 2개 제작하기(30분)
6. 작품 완성 후 사진 촬영 및 포장(10분)

*소요시간 약 1시간~ 1시간 30분

시간적 여유가 있다면 타로카드점을 봐드립니다^^*
모든 수강생 분들께 선물에 담을 수 있는 캘리그라피 책갈피를 증정해드립니다~

"
46,46,5,마크라메 원데이클래스 수강생모집,55000,0,0,20,하,경기 고양시,6,0,0,"안녕하세요 :)

손과 실로 매듭을 이용해
하나의 작품을 만드는 서양매듭공예, 마크라메를 배워보세요 :)

재미있는 취미가 되는 동시에
멋진 작품을 만들수 있는 기회를 만들어드립니다!

쉽고 재미있게 알려드리며
모든 재료는 제가 준비합니다 
두근거리는 마음만 가지고 방문해주세요!

서양매듭공예 전문 공방으로
꼼꼼하고 도움이되는 노하우를 얹어
제대로 된 마크라메를 알려드리도록 노력할게요!


[원데이클래스 커리큘럼 안내]

-4가지 커리큘럼중 한가지를 선택해서 진행합니다
결제후 채팅을 통해 수업을 들으시려는 작품을 확인하고
예약확정을 도와드립니다 

1. 러블리 화병
소요시간 2시간

벽에 걸어둘수 있는 화병을 만들어 볼수 있습니다.
꽃을 몇송이만 꽂아두어도 SNS속 감성있는 공간으로
바꿀 수 있고 조화를 꽂아도 너무 예쁜 실용적인 작품입니다.


2. 소형 월행잉
소요시간 2시간

마크라메의 기본적인 매듭 3가지가 들어간 마크라메의 정석과도 같은
멋진 벽장식품을 만들어 볼 수 있습니다.
허전한 협탁위, 식탁 근처 등 다양한 벽공간을 마크라메 작품 하나로
분위기있는 공간으로 바꿔볼 수 있습니다.

3. 벽걸이용 플랜트행거
소요시간 2시간

식물을 넣어 멋지게 장식하는 
벽걸이용 플랜트행거를 만들어보세요
플랜테리어의 기본적인 아이템으로 집안 분위기를
좀더 감성적으로 변하게 도와줍니다.

4. 드림캐쳐
소요시간 2시간

좋은 꿈을 꾸게 해준다는 행운의 아이템을
마크라메 매듭으로 만들어 보세요!
훨씬 따뜻하면서도 빈티지한 분위기의 아이템을
내손으로 직접 만들 수 있습니다.
"
47,47,12,세상에 단 하나뿐인 행운가득 드림캐쳐 만들기🌻,30000,0,0,20,하,서울 마포구,4,0,0,"🙏사전 스케줄 협의가 필요한 클래스입니다~
대부분 원하시는 시간에 맞춰드릴 수 있지만 
혹시나 불가능할경우를 대비해 미리 메세지 주시면
협의가능합니다~

🌷🌷🌷🌷🌷🌷🌷🌷🌷🌷🌷🌷🌷🌷🌷🌷🌷

안녕하세요:)
달의선율이 아름다운 드림캐쳐 문멜로디 작가 엠마입니다!

하루하루 지치고 힘들게 보냈을 당신에게 그 누구보다 고생했다는
위로의 응원과 하루를 마무리하는 잠자리에서 좋은꿈을 선물해드리고
싶어 드림캐쳐를 시작하게 되었습니다~

다들 좋은꿈을 만날 준비 되셨나요?? 그럼 지금부터 시작하겠습니다.🌙

드림캐쳐란 무엇인가? 궁금하시죠?!

🌙드림캐쳐란??﻿
아메리카 원주민들이 악몽을 걸러주고
좋은 꿈만 꾸게 해준다고 믿었던 장식품으로 
깃털은 좋은 꿈을 꾸게하고, 거미줄처럼 생긴 그물망은
악몽을 잡아준다는 뜻을 담고있어요~

좋은의미가 담겨있어 그런지 요즘 생일선물, 집들이선물, 
개업선물, 취업선물 등으로 인기가 많은 장식품이에요. :)

자 그럼 본격적으로 시작해볼까요~??🤗

저희 문멜로디 드림캐쳐는 본인이 원하는 스타일로 원하는 비즈 및 장식을
선택하여 나만의 드림캐쳐 만들기로 클래스가 구성되어있어요:D


🌷 클래스 진행순서
1. 드림캐쳐의 의미알아보기
2. 문멜로디 드림캐쳐를 보며 내가 만들 샘플을 골라요:)
3. 링 사이즈와 그물안에 넣을 펜던트, 반짝이는 비즈와 예쁜 깃털 색상 골라보아용!!
4. 어떤 예쁜 드림캐쳐가 나올지 기대하면서 만들어보아요ㅎㅎ
5. 짜잔~ 완성된 드림캐쳐와 함께 사진찍어 기념하고 예쁘게 포장해요🎁


🌷클래스 소요시간
기본 1시간30분~ 최대 2시간
요즘같이 사람 많은곳에서 데이트나 친구들과
시간 보내기 힘들어서 뭘 해야 할지 모르겠는분들에게
새로운 취미찾기와 힐링할 수 있는 드림캐쳐 클래스를 추천드려요!!


🌷 상세내용
1.  링사이즈 : 8cm, 10cm 선택가능해요!!
2. 재료 : 메탕 링, 샤무드 끈, 속 끈, 유리론델, 파괴석, 깃털 등
비즈, 깃털은 여러색상으로 구성되어있어 원하시는 색상으로
골라 만들 수 있어요!! 고르는 재미가 쏠쏠~:D
3. 포장 케이스에 포장 후 쇼핑백에 담아드려요🎀
나에게 주는 선물뿐만 아니라 의미있는 선물로 생일선물,
집들이선물, 남자친구 여자친구에게 선물하셔도 좋아요😍"
48,48,13,커플코스♥앙금플라워 장미or카네이션 하나뿐인케이크 만들기♥커플코스,149000,0,0,20,중,인천 부평구,2,0,0," 다 니 테 이 블  [앙금플라워떡케이크 원데이클래스] - 커플클래스 / 친구 혹은 연인 등 2인이상 모두 가능 합니다. ^^
______________________________________________________________________________
☎ 원하시는 '수업일 가능여부' 를 꼭 문의 주시고 결제 부탁드립니다. (시간협의 가능 합니다.)
★한가지맛 선택 요청란에 기재헤주세요★ 케이크 or 머핀4구 선택도 요청란기재헤주세요 ★ 
/ 요청란 없을시 홀케이크1호로 제공됩니다.^^

★2인이서 함께 참여해보는 원데이커플클래스★  
케이크1개 or 머핀4구 선택

★2인으로 진행 하되 홀케이크 1개를 함께 만들어 가실 수 있는 커플클래스 기본구성 입니다★ 

★신혼부부 혹은 커플 분들께서 문의가 많아 '커플클래스'를 진행하게 되었습니다. 많은 관심 감사합니다.^^★ 

→ 원데이 클래스에서는 갓쪄진 따끈한 설기위에 
장미 혹은 카네이션 꽃을 파이핑하여 케이크를 돔형 혹은 반달형으로 꾸며 보는 시간입니다. -홀케이크 1개

→ 추가금액 없는 구성으로 케이크 + 고급투명박스 + 케이크칼  + 설기맛 선택 가능하십니다.

→ 맛 한가지 선택  / 선택하신 한가지맛의 떡은 클래스시간에 시식해 보실 수 있습니다.(코로나시기에는 시식용떡도 함께 포장해 드립니다.)


★한가지 선택 요청란에 기재헤주세요★ 케이크 or 머핀4구 선택도 요청란기재헤주세요 ★ / 요청란 없을시 홀케이크1호로 제공됩니다.^^

  백설기
잼은 들어가지 않은 쫀득한 식감의 순수한 백설기
  흑임자
국내산 흑임자로 만들어진 필링잼이 2단으로 들어가며, 고소한 맛이 일품인 흑임자
  단호박
국내산 단호박을 직접찌고 으깨어 끓여낸 수제잼. 고유의 달짝지근한 단호박의 맛
  얼그레이
'영국의 왕실의 차'로 불려지는 전통홍차로 만들어진 깊고 진한 홍차 의 맛


♥2인 이서 함께 참여하는 원데이클래스 수업 순서♥

1. 수강생 오시기전 공방에서는 요청하신 맛의 설기떡을 미리 준비한 후 
   책상정리 및 필요한 재료들을 수강생 자리에 가지런하게 준비 합니다.

2. 도착하신 수강생에게 코로나수칙에 대해 안내를 드린 후 손 세척 후 자리에 앉아 
  오늘 의 수업에 필요한 재료들을 설명 합니다.

3. 케이크에 올려질 꽃 디자인과 색감에 대해 함께 정하면서 이야기를 나눕니다.
     ex) 장미 혹은 카네이션 / 분홍 혹은 빨강 등의 색감 / 선물용 혹은 기념일케이크 등등

4. 정하신 꽃(장미 혹은 카네이션)을 파이핑 하는 모습을 시범으로 먼저 보여 드립니다.

5. 수강생님 옆에서 손동작을 잡아주면서 세심하게 꽃을 짜볼 수 있도록 지도해 드립니다.

6. 연습을 충분히 할 수 있도록 시간을 드리면서 나아지는 실력을 스스로 느끼실 수 있도록 
   격려를 드리고 앙금꽃을 완성해 봅니다.

7. 윌튼식용색소를 사용하여 앙금에 조색을 해보면서 원하시는 색감을 함께 만들어 봅니다.

8. 원하시는 색감의 앙금으로  예쁜색감의 꽃을 파이핑 해봅니다.

9. 완성된 앙금꽃을 식혀둔 떡 위에 올리면서 떡케이크를 꾸며 봅니다.

10. 리본으로 마무리 장식을 해준 후 포토타임을 가져봅니다.

11. 이물질이 있는지 최종적으로 확인 하면서 작품이 예쁘게 잘 보일 수 있는 투명케이크상자에 
      포장해 드립니다.

"
49,49,7,웨딩헤어악세사리 신부옆꽂이 혼주뒤꽂이 만들기 원데이클래스,65000,0,0,35,하,인천 남동구,2,0,0,"웨딩헤어악세사리
신부 옆꽂이와 혼주 뒤꽂이 각각 1개씩을 만들어가실 수 있는 클래스입니다.

처음 도전하시는 분들도 어렵지 않게 만드실 수 있도록
쉽고 재미있게 알려드립니다.
각자의 취향대로 화려하게 또는 우아하게 완성해내는
웨딩 헤어 악세사리  원데이클래스.

퀄리티 높은 부자재 사용으로
만족도가 높은 웨딩헤어악세사리 클래스는

- 신부옆꽂이 1개, 혼주뒤꽂이 1개 과정
- 수강시간 약 3~3.5시간
- 1:1 지인동반시 최대 2:1수업
- 수강일 최소 3일이전 수강예약
- 마스크착용 필수, 체온 37.5도 이상 공방입실 불가

클래스 수강가능 요일과 시간은 임의로 지정해두었습니다.
메시지로 별도 문의해주시기 바랍니다."
50,50,14,"""달콤 쫀득""마카롱 만들기",42000,0,0,20,중,인천 부평구,3,0,0,"  마카롱 체험 클래스 입니다(레시피 제공X)
 미리 계량 해 논 재료로 전 과정 직접 만들어 포장까지 마무리~~~
 프렌치 머랭 기법을 사용하며 꼬끄의 건조 시간이 짧은 (10~15분 이내) 
 일명 무건조 마카롱입니다

 단축 시간만큼 더 많은 마카롱을 만들 수 있는 장점이 있으며
 바닐라.초코.말차.얼그레이.오레오 필링 중 1개 직접 필링 맛을 선택하고 
 30개 꼬끄짜서  짝 맞춰 샌딩 후 15개 마카롱을 완성 하실 수 있습니다
 박스포장 or opp봉투포장 가능합니다(데코용 스프링클 무료제공)

 가족,친구,연인 이색데이트 및 취미, 자기계발 원하시는 분 들, 초보자분들도, 
 창업을 원하시는 분들도 누구나 쉽게 따라 하 실수 있습니다  
 코로나로인해  일행단독 최소1명~최대3명 프라이빗하게 진행됩니다
 (소독 및 손씻기 마스크착용 발열체크 필수)

*일정외 다른 시간대 신청 가능합니다*
 메세지로 문의하세요 스케쥴조정 필수!
 평일 오후 2시~7시까지 예약 가능합니다
 토요일 오전 10시~5시까지 예약 가능 합니다




"
51,51,14,"""겉바속촉 ""생크림 스콘 만들기",39000,0,0,15,하,인천 부평구,3,0,0,"버터NONO!! 시오코나 스콘 만들기~
생크림 사용해 칼로리를 줄여 언제 어디서나 부담 없이 맛있게 드실 수 있는 스콘을 준비 하였습니다
식사대용으로도 간식으로도 좋은 스콘을 보다 건강하게  직접 만들어보세요~
누구나 쉽게 만들 수 있고 간단하게 만들 수 있어 베이킹이 처음이신 분들도 훌륭한 완성품을 뚝딱 완성 하십니다

*스콘  토핑은 견과류(호두,아몬드칩) , 초코칩 , 로투스분태 3종 준비되어 있으며 원하시는 토핑 선택  가능 하십니다
*스콘 모양은 원형 ,세모 ,네모 원하시는 대로 팬닝 가능하며 모양에 따라 식감이 달라요~좀 더 촉촉하게 좀 더 바삭하게~
*레시피 제공되며 전 과정을 직접 체험하며 만들어 가시고 포장까지 예쁘게 마무리 합니다
*10개~15개 제공되며 크기나 모양에 따라 수량은 변동 됩니다
*포장은 박스포장 or opp봉투 가능합니다

코로나로 인해 일행단독 , 프라이빗하게 수업 진행합니다
지정된 일정외 신청 가능합니다
 (메세지로 스케쥴 조정 후 신청 )
평일 오후2시~7시까지 신청 가능 합니다
토요일 오전10시~5시까지 신청 가능 합니다


"
52,52,5,식빵수세미 원데이클래스,25000,0,0,25,하,경기 남양주시,6,0,0,"누구나 설거지 한번쯤은 다해보셨을 거에요.
설거지에 꼭 필요한 수세미!!!
수세미도 예쁜걸로~내가 직접 만든 거라면 더욱 특별하겠죠??
코바늘을 사용해서 기본적인 뜨개기법을 익히고 귀여운 수세미도 만들고
성취감과 자신감도 업 시킬수 있는 수세미뜨기를 라온작가와 함께 해보아요^^
수세미 초보분들께 강추하는 클래스 입니다.
수세미 실이 털이 많이 달려있어서 생각보다 쉽지 않다는거 알고계시나요??? 
하지만 10세 어린이도 배워서 뜰수 있을만큼 천천히 자세히 알려드린 답니다.
중국산 저렴이 아닌 거품잘나고 색상도 고급스러운 국내산 수세미실로 진행됩니다.
7호 코바늘 있으신분은 가져오시고 없으신분은 구매가능합니다.
"
53,53,12,[원데이] 아이들도 할 수 있다. 라탄코스터만들기,35000,0,0,20,중,서울 영등포구,4,0,0,"<라탄으로 냄비받침 만들기 원데이클래스 >입니다.

라탄과 손끝의 힘을 이용하여 간단한 냄비 받침을 만들어봐요.

초등학교 2학년 이상아이들 부터 성인까지 수업이 가능합니다.

소요시간 : 1시간 30분 ~ 2시간"
54,54,12,[원데이] 아이들도 할 수 있다. 하바리움 볼펜만들기,30000,0,0,15,하,서울 영등포구,4,0,0,"<하바리움 볼펜 만들기 클래스>
6세 이상 아이들 또는 청소년 , 성인 모두 가능한 수업입니다.

하바리움이 무엇이며 사용될 꽃의 이름은 무엇인지 간단한 설명 후 
만들기에 들어갑니다.

총 2개의 볼펜을 만듭니다.

예쁜 꽃들을 조합하고 
볼펜에 넣고 하바리움 용액을 넣은 후 볼펜을 조립하는 간단한 원데이클래스 입니다.

아이들도 쉽게 따라할 수있어요.

소요시간  : 1시간 ~ 1시간 30분 
"
55,55,1,그윽한 분위기의 젤왁스 캔들홀더와 티라이트 캔들 만들기 ,38000,0,0,15,하,인천 남동구,3,0,0,"젤왁스 캔들홀더와 티라이트 캔들(6개)를 한 번에 만들어보실 수 있는 클래스입니다.

<클래스 소개>
1. 투명함이 특징인 젤왁스를 사용해 캔들홀더를 만듭니다.
- 글라스 잔에 드라이플라워로 장식 후 젤왁스를 부으면, 글라스 잔에 담긴 드라이플라워를 선명하게 감상하실 수 있어요.
- 글라스 잔이 홀더의 역할을 하면서 함께 만드신 티라이틀 캔들을 넣어 태우실 수 있는데, 연소하는 티라이트 캔들의 불빛이 투명한 젤 왁스를 통과하면서 그윽한 분위기를 느끼실 수 있습니다.
- 다양하게 준비된 드라이&프리저브드 플라워 중 취향에 맞는 꽃들을 직접 골라 나만의 홀더를 만들어보실 수 있습니다.

2. 직접 고른 색과 향으로 티라이트 캔들을 만듭니다.
- 2가지 종류의 왁스를 블렌딩하여 티라이트 캔들을 제작합니다.
- 색과 향을 고르시면서 힐링의 시간을 가지실 수 있어요.

3. 완성품 모두 전용박스에 포장 해 드립니다.

<이런 점이 좋아요!>
- 격식있는 선물용으로도, 센스있는 인테리어 소품으로도 활용하시기에 좋습니다.
- 어렵지 않은 레시피로 제작할 수 있어서 초보자에게 적합한 아이템입니다.
- 캔들에 입문하기 원하시는 분께는 좋은 트라이얼 클래스가 될꺼에요.

<수강안내>
- 클래스 당 수업인원은 최대 3인입니다.
- 요일 및 시간은 기재된 시간 외에도 협의 가능합니다."
56,56,14,티라미슈 원데이,35000,0,0,20,중,경기 안산시,2,0,0,"일상에 지칠 때 달달한게 많이 땡기죠~
티라미슈로 여유를 가져보시는 건 어떠세요? 
이탈리아 정통 레시피로 만들어 더욱 맛있답니다.


레시피설명과 제조, 포장, 정리하는 시간 포함 약 2시간정도 소요됩니다. 
9.5*9.5*6(cm) 2케이스 만들어가는 수업이에요~
사보이아르디(레이디핑거), 커피시럽, 마스카포네 크림을 이용해 티라미슈를 만들어요^^


★커플분들, 부모님과 함께, 아이와 함께하기 참 좋습니다. 레시피 제공해 드리며, 맛과 색은 정해져 있습니다. 
포장하여 선물하기에도 안성맞춤이랍니다. 소수정예로 운영하며 준비물은 없습니다. 건물 주차장 지하 6층까지이며 퇴실 시 정산해드립니다."
57,57,9,쁘띠램프 만들기,160000,0,0,40,중,서울 강서구,2,0,0,"제가 진행할 금손 클래스는...
쁘띠램프 원데이클래스 입니다.

크라운6각 혹은 12각같은 언밸런스 6각 램프중에형태를 먼저고르고 좋아하는 색상의 유리를 직접 골라서 제작해 보실 수 있습니다.

*스테인드글라스 원데이 클래스 순서*

1. 조명 형태 선택
2. 유리자르기 연습
3. 도안대로 유리에 그리고 자르기
4. 그라인딩 (체험가능, JY가 도와드려요)
5. 동테이프 감기
6. 납땜 (예쁘지 않은 부분을 보수해 드려요)
7. 세척
8. 장식& 사진촬영



 (4시간 내외 소요)



//////////////////////////////////////////////////////////////////////////////////////////////////////////////////

조명원데이 클래스의 경우는 최대 2명인원으로 수업합니다..
각자의 역량에 따라 수업시간이 상이 할 수 있습니다. 
혹시라도 클래스 마치고 약속이 있으신 경우 미리 말씀해주시면 시간에 맞춰 마무리 하실 수 있게 더 열심히 JY가 도와드립니다.


조명은 클래스당일에 만들어서 직접 가져실 수 있습니다. 

//////////////////////////////////////////////////////////////////////////////////////////////////////////////////


♡예약전에 상담 꼭 부탁드려요 시간은 예약상황 봐서 조율가능합니다.♡"
58,58,1,원석힐링캔들&원석힐링석고방향제 원데이클래스(소원성취 캔들&방향제),35000,0,0,10,하,경기 수원시,6,0,0,"보석원석이 갖고있는 상징 및 힘에 대해 설명 후 고민이나 상징에 따른 보석을 선택한뒤
향을 선택합니다.

선택한 보석과 향으로 캔들과 석고방향제를 제작합니다.

-희망하시는 날짜 및 시간대로 조율이 가능합니다. 메시지로 편하게 상담을 진행해주세요~"
59,59,7,폴리머클레이 키링&책갈피 세트 만들기 [상시스케줄],45000,0,0,20,하,서울 마포구,2,0,0,"폴리머클레이를 이용한 세상에 하나뿐인 패턴을 지닌 나만의 아이템을 만드는 클래스 입니다.

다양한 컬러와 텍스처의 폴리머클레이를 사용하여 직접 손으로 반죽하여 조색하고 패턴을 만들기 때문에 세상에 단 하나의 컬러와 패턴으로 표현하는 수업입니다.

**완성작 : 키링1, 책갈피1(총2작품 제작) - 2시간 ~ 소요**

- 수업 시간 내에 진행 가능한 패턴
(니팅패턴과 마블 패턴 중 선택 - 이미지 참고)
* 위의 예시된 기본적인 패턴을 진행하는 수업인 점 참고 부탁드립니다.
* 친구 또는 연인과 함께 방문하셔서 여러가지 컬러와 패턴을 함께 공유하시는 것도 추천드립니다^^

- 한 가지 패턴 선택 후 진행 (클레이 컬러 최대 4가지 컬러 선택 가능 -38g 기준)
* 컬러 추가, 부자재 추가 시 비용이 발생될 수 있습니다.

/

-클래스 운영 시간-
오전 11:00 타임 - 오후 7:00 타임 (100% 예약제)
(이 외의 시간은 조율가능하며 채팅으로 문의 주시면 최대한 맞춰드리겠습니다^^)
*직장인분들을 위한 저녁 클래스도 가능하니 편하게 문의주세요:-)
-클래스 인원-
 수강인원 : 최소1인 - 최대2인 (소수정예)

/

<기타 참고사항>
1. 예시 작품 제작 시,
- 동일하게도 제작 가능하며, 수강생분들의 기호에 따라 기본 부자재를 다양한 형태와 컬러로 변경 가능합니다.
*수입되는 클레이가 사용되기 때문에 재고소진으로 인하여 이미지와 동일한 컬러 진행이 어려울 수 있습니다.

2. 클레이 컬러 또는부자재 추가 시 추가 비용 발생할 수 있습니다.

3. 기본포장은 OPP 필름과 크라프트 봉투가 제공되지만,
선물포장(박스포장) 추가시, 한 패키지 당 1,000원의 비용이 발생됩니다.

4. 수강생 분들의 개인 차에 따라 수업 진행시간이 변경될 수 있습니다.
*다음 클래스 수강생을 위해 클래스 시간을 꼭 지켜주시기 바랍니다*

/

- 클래스 시간은 수강생분들께 최대한 맞춰드리고 있습니다.
- 클래스 구매 전/후에 메세지 주시면 빠르게 답변드리겠습니다


<클래스 비용 포함 사항>
강습비 / 장비 대여비 / 재료비 / 촬영소품 대여비 / 포장비 (개별포장 & 크라프트 봉투, 스티커 제공)"
60,60,12,"(일산킨텍스)손으로 만드는 따뜻한 라탄 소품, 일산 라탄 원데이 클래스",60000,0,0,20,하,경기 고양시,3,0,0,"안녕하세요. 일산 킨텍스 대화역 주엽역 근처의 홈클래스 공방 '아틀리에 보네르'입니다.
미술 및 라탄 클래스를 함께 운영중인 홈클래스 공방입니다.

인테리어에 관심이 많아질수록 
자연과 어울리는 라탄에 대한 관심도 커지고 있는데요,
내 손으로 직접 만들어 인테리어 소품으로 활용할 수 있는
라탄 공예의 매력에 빠져보시는 거 어떠신가요?

한 번 빠지면 빠져나오기 힘든 라탄의 매력,
아틀리에 보네르에서 함께 느껴보시기 바랍니다. 

아틀리에 보네르는 
'한국등공예사 2급 자격증'을 보유하고 있어
보다 전문적인 라탄 공예 교육이 가능합니다.

원데이클래스는 평소 관심 많았던 라탄 소품을 선택하여 만드실 수 있습니다.  

***** 라탄 원데이 클래스 수업내용 안내 *****
 - 1회 2-3시간 소요. (개인마다 차이가 있음.)
 - 라탄스탠드(라탄전등)/  라탄가방/ 라탄거울/ 라탄 트레이/ 라탄화병/ 캠핑세트(이소가스워머+티코스터2개)/ 라탄시계 중 선택 
  - 또는 개인이 원하는 소품 사진을 미리 보내주시면 협의 후 진행 가능.

 ***라탄전등(주름형 선택시), 라탄거울, 라탄시계는 5,000원 추가금액 발생***"
61,61,7,칠보공예기법으로 은목걸이 만들기,90000,0,0,30,하,서울 관악구,2,0,0,"고대부터 이어져 내려오는 전통 칠보기법(enameling)을 배워보세요.

동그란 금속판 위에 좋아하는 색상의 유약을 뿌리고 고온(700-800도)으로 구워서 완성합니다.

완성한 칠보작품을 고급스러운 은 프레임에 붙이면 나만의 특별한 목걸이를 완성할 수 있어요.

은펜던트 2개와 은목걸이 줄 1개(42,45cm 선택)가 제공되며 재료비 모두 포함되어 있습니다.





"
62,62,12,나만의 MBTI 오일향수 만들기,30000,0,0,10,하,부산 금정구,4,0,0,"<나만의 MBTI 오일향수만들기>

MBTI와 수비학으로
나만의 아로마 오일향수 만들기🎁 
⠀

자신의 MBTI와 수비학을 통해
나의 성향과 어울리는 
아로마 에센셜오일을 찾아보고 만들어갑니다.


‘나만의 롤온 or 고체향수’ 만들어봐요!


1. 자신의 MBTI 알아오기😎
2. 이름과 생년월일을 통한 수비학 보기
(예약시 미리 알려주세요)
3. MBTI와 수비학으로 알아본 자신과 어울리는 아로마오일 알아보기
3. 해당되는 아로마의 심리적 에너지 알아보고 선택하기!
4. 선택된 오일로 자신이 원하는 향으로 제조
5. 바르는 롤온 or 고체향수 둘중 택1
6. 나만의 아로마향수 완성!!🎉
"
63,63,8,*청년공방  감성 네온사인 만들기(네트망) 원데이 클래스*,35000,0,0,20,중,경기 수원시,0,0,0,"안녕하세요~ 청.년.공.방 입니다. ^^
네온사인 = 청년공방이라고 할정도로 많으 분들이 찾아주시고 체험하시는 핫한 공방! 
국내 최다 각지의 지점을 보유 하고 있으며,   
네온사인계의 금손 강사분들이 여러분을 기다리고 있습니다.

'친절한 지도로 누구나 쉽게 나만의 네온사인을 제작 할 수 있으며, 약 130가지의 도안이 준비되어있답니다' 

소요시간 : 약 2시간

*네온사인 (네트망) 원데이클래스 절차*
1. 도안 선택및 밑그림 그리기.
2. 도안과 네트망 밑작업. ( 네온사인을 네트망에 붙이기 위한 테이핑작업)
3. 네온사인 작업. ( 도안에 맞춰 네온사인을 이리저리 구부리고 붙이는 작업)
4. 네온사인 작품 완성 및 포토타임.

4가지의 단계로 누구나 쉽게 네온사인을 제작 할 수 있답니다~

*이런분들께 추천드려요
1. 나만의 조명인테리어가 필요하시는 분~! (나래빠, 화자카야, 홈빠, 홈주막, 홈파티용품)
2. 특.별.한 선물을 찾으시는 분들 (집들이, 연인선물, 생일선물, 신혼부부선물 등)
3. 평소에 만들기나 공방체험을 즐기시는 분들 (다른 원데이클래스와는 다른 감성 두스푼의 찐갬성을 담아드립니다)
4. 친구들과 연인과 직장동료들과 이색적인 테마의 체험&행사&데이트를 계획하고 계신분께~ 강.력.추.천

*많이 궁금해 하시는 Q&A
Q - 그림을 못그리고 똥손도 가능한가요?
A - 네! 자신있게 대답해드릴 수 있습니다. 공방에 준비된 약 130가지의 도안으로 초급~중급 난이도로 누구나 쉽게 제작 가능 하답니다.

Q - 네온사인 전원은 어떤걸로 사용되나요?
A - 220V 콘센트가 아닌!  , AA건전지로 사용되는 어디에나 어디서든 사용가능한 건전지형 인버터 입니다.
     (캠핑, 여행 등에 강력추천)
"
64,64,32,주방비누 만들기,60000,0,0,20,하,강원 인제군,3,0,0,"1. 클래스 접수
2. 접수된 사항을 바탕으로 작가가 메세지를 통해 만들고 싶은 작품에 상세내용 및 날찌,시간 상담
 (***클래스 예약시 스케쥴 등록된 날짜,시간 외에도 클래스 가능하오니 접수 후 원하는 시간 메세지 주세요~)
3. 예약일에 공방에서 수업진행
4. 2주 보온 및 건조 후 공방에서 픽업 또는 택배 수령.   

비누 1kg 기준입니다. ( 컷팅시 원하는 용량으로 컷팅 가능합니다)
"
65,65,32,[데일리솝 시리즈] 동백오일을 넣은 제주동백비누 만들기,50000,0,0,20,중,서울 마포구,2,0,0,"2020년을 맞아 처음 맞는 어색하고 정신없는 1월을 보내고 벌써 한달이 지나갔네요.

2월에는 어떤 비누를 올릴까 고민하다가 겨울에만 피는 제주의 동백꽃과 오름을 표현한 제주동백비누를 준비해 보았어요.♡

제주동백비누의 주성분은 동백오일과 식이유황 분말이에요. 동백오일은 끈적임이 없고 흡수가 빠른 오일로 헤어제품에도 많이 사용되는 식물성 오일이에요.

피부에 사용시 모공을 막지않아 트러블 피부에도 좋아서 요즘처럼 마스크를 생활화하며 생기는 피부관리에 도움을 줍니다. 

함께 들어가는 식이유황 분말은 식용으로도 많이들 알고 계시겠지만 비누에 넣어서 사용히 염증과 진정에 도움을 주어서 동백오일과 시너지 효과를 내어줄거에요.

식이유황분말은 비누액에 넣을때 잘 녹여서 첨가해야 하는데 그 방법을 잘 짚어드리면서 진행하도록 할게요.

비누의 디자인은 제주를 가고픈 마음을 담아 제주오름과 청명한 하늘, 흰구름을 표현해 보았어요. 그 위에 동백꽃을 하나씩 올려서 마무리해 주었답니다.

비누에 들어가는 색소는 최대한 천연분말만을 사용하여 만들어 보았어요. 하늘의 색은 저는 청명한 하늘색을 표현했지만 원하시는 색감으로도 표현이 가능하니 오셔서 정해보세요.♡

나만의 제주를 담은 동백비누를 2월의 데일리솝으로 직접 만들어 사용해보세요. 

그저 예쁘기만한 비누가 아닌 피부에 안전한 재료들로 건강한 비누만들기를 지향하는 로지토브 공방입니다.♡





• 동백비누는 CP 비누의 제조방법으로 당일날 가져가실 수 없고 일주일의 건조기간 후 택배로 발송해 드립니다.
( 택배비 포함되어 있어요.)

• 비누를 받으신 후 최소 4주 정도 충분히 건조 숙성 후 사용해주시면 순하고 건강한 비누로 사용이 가능합니다.
( 기다리시는 동안 사용해보실 샘플비누를 수업진행 후 선물로 드립니다.)

• 비누는 기본 500g 몰드에 만들어가며 비누 총 5개가 나와요.

• 모든 수업은 예약하신 팀으로만 수업하며 최소1명에서 최대2명까지만 수업 진행합니다.

• 예약가능시간 : 월요일 ~ 토요일 오전 11시부터 저녁7시까지 예약이 가능합니다."
66,66,12,취향대로 만드는 반려견 바디제품♨,60000,0,0,20,하,경기 남양주시,4,0,0,"반려견의 몸에 직접 닿는 제품들을 순수 천연재료들로만 저와 함께 만들어봐요 :-)

반려견 샴푸, 입욕제, 미스트, 발바닥연고, 발샴푸 그리고 애견카페 필수템인 향균탈취제까지!

모두 천연재료로 손쉽게 만들 수 있어요.

첨가되는 오일의 향은 각자 취향대로 선택이 가능한 반려견을 위한 커스터마이징 바디제품들로

반려견에게 건강함을 선물 해 주세요💌


1회 수업당 원하시는 제품 2가지를 만들 수 있어요 :D"
67,67,1,꽃방향제(왁스타블렛) 만들기,40000,0,0,10,하,강원 인제군,3,0,0,"1. 클래스 접수
2. 접수된 사항을 바탕으로 작가가 메세지를 통해 만들고 싶은 작품에 대한 상세내용 및 날찌,시간 상담
 (***클래스 예약시 스케쥴 등록된 날짜,시간 외에도 클래스 가능하오니 접수 후 원하는 시간 메세지 주세요~)
3. 예약일에 공방에서 수업진행


기본 2개 제작입니다.
리스형(추천), 원형, 마름모, 직사각 등 선택 가능합니다."
68,68,1,드라이플라워 젤캔들 & 젤캔들 홀더 (2가지중 택1),50000,0,0,15,하,강원 인제군,3,0,0,"1. 클래스 접수
2. 접수된 사항을 바탕으로 작가가 메세지를 통해 만들고 싶은 작품에 대한 상세내용 및 날찌,시간 상담
 (***클래스 예약시 스케쥴 등록된 날짜,시간 외에도 클래스 가능하오니 접수 후 원하는 시간 메세지 주세요~)
3. 예약일에 공방에서 수업진행

**티라이트를 하나씩 넣어 태우는 젤캔들 홀더는 3가지 디자인 중에 1가지 선택하시면 됩니다. 
    a.와인잔(1,2번사진)  b.사각용기(3번사진)  c.메리고용기(4,5번사진) 중 택1 * 수량 2개 제작 입니다.   
    젤캔들 홀더는 소이티라이트4구 서비스로 제공합니다.
**젤왁스와 소이왁스를 함께 담아 만드는 젤캔들은  [사각병캔들(7,8번사진) 1개+7온즈(기본원형용기) 1개] 제작입니다. 
"
69,69,1,시나몬캔들 만들기,60000,0,0,20,하,강원 인제군,3,0,0,"1. 클래스 접수 
2. 접수된 사항을 바탕으로 작가가 메세지를 통해 만들고 싶은 작품에 대한 상세내용 및 날짜,시간 상담 
 (***클래스 예약시 스케쥴 등록된 날짜,시간 외에도 클래스 가능하오니 접수 후 원하는 시간 메세지 주세요~)
3. 예약일에 공방에서 수업진행

총 왁스 400g 사용합니다.
(필라형 시나몬캔들 2개   또는 7온즈 3개  또는  5온즈 4개 등..)"
70,70,12,허브가든 캔들 만들기,60000,0,0,20,하,강원 인제군,3,0,0,"1. 클래스 접수
2. 접수된 사항을 바탕으로 작가가 메세지를 통해 만들고 싶은 작품에 대한 상세내용 및 날찌,시간 상담
   (***클래스 예약시 스케쥴 등록된 날짜,시간 외에도 클래스 가능하오니 접수 후 원하는 시간 메세지 주세요~) 
3. 예약일에 공방에서 수업진행


** 메리고 라운드 용기에 자유롭게 드라이플라워 데코를 하여 만들어요.  기본 2개 제작입니다."
71,71,11,혼킨츠기 클래스(도자기수리 수업),520000,0,0,20,중,서울 마포구,6,0,0,"깨진 그릇을 접합하여 그릇에 전통적인 옻을 사용하여  멋진 금선으로 장식하는 수리 방법입니다.
일본에서는 킨츠기라는 기법으로 알려져 있으며,
한국에서도 차인들을 비롯하여, 일반인들도 킨츠기에 대한 관심이 늘어나느 추세입니다.
4회 2시간(일주일에 한번수업) 수업료는 40만원이고 재료비는 12만원입니다.
수업료만큼 양질의 수업이 될듯 합니다.
"
72,72,4,미니 에코백 만들기,60000,0,0,25,중,서울 마포구,2,0,0,"[ 소개 ] 

안녕하세요 ! 쩜이삼오 (0235m) 입니다. 

패턴 디자인과 핸드메이드 패브릭 제품을 만들며,

연남동에서 자그마한 작업실 겸 쇼룸을 운영 중입니다.

제품도 구경하고, 소잉 클래스로 직접 가방을 제작해보세요 !





[ 소잉클래스 ]

- 미니 에코백 만드는  원데이 클래스로, 처음 재봉틀을 접하시는 분들도 쉽게 가능하며, 집에 아까운 원단이 있는 분들도 배워볼 수 있습니다.

- 별도의 준비물은 필요 없으며, 수업 진행 시 모두 제공됩니다.

- 원단은 무지, 체크, 패턴 중 클래스 당일 1가지 선택 가능합니다. (랜덤)

- 수/일요일 중 예약 운영됩니다. 조금씩 일정 조율 가능하니, 별도 문의 바랍니다.
(매주 월요일 휴무)

- 최소 1인 ~ 최대 2인까지 수업 가능합니다.





[ 커리큘럼 ]

- 이론 설명 : 소잉 관련 원단, 재료 등 기본 이론을 설명해드립니다.

- 작품 설명 : 진행할 에코백을 알려드리며, 원단을 선택합니다. (랜덤)

- 재봉 설명 : 오버로크와 재봉틀 사용방법을 설명 후, 작품을 제작합니다.

- 작품 완성 : 최종 보완사항을 꼼꼼하게 체크 후, 완성합니다!"
73,73,13,쌀찜 카스테라(우키시마) 원데이,50000,0,0,20,하,서울 성북구,2,0,0,"비스텔라에서 진행할 금손 클래스는 쌀찜 카스테라(우키시마) 원데이클래스입니다!

화과자의 한종류로, 부드럽고 촉촉한 식감이 특징이예요^^
쌀가루로 만들며, 버터가 안들어가 몸에도 좋고 맛도 좋아 선물 및 답례품으로 인기 폭발이랍니다6_6

베이킹을 한번도 해보지 않으신 분들도 쉽게 완성하실 수 있게 꼼꼼히 지도해드리고 있으니
편하게 신청해주세요 :D

**구입 시 나타나는 시간은 실제 수업 시작 시간과 다를 수 있습니다(수업 시작 시간은 메세지로 협의 후 구입해주세요^^)**


★수업 안내★

-수업시간: 약 2시간
-수강인원: 최대 2명

**낱개로 16개 분량의 쌀찜 카스테라를 가져가실 수 있습니다.(박스에 이쁘게 포장해드려요^^)


★맛 종류★
-초코, 흑임자, 단호박, 치즈, 딸기, 말차, 쑥, 인절미, 자색고구마
(총 4가지 맛을 고르실 수 있습니다!
 예를 들어, 초코+녹차 / 쑥+흑임자 -> 원하시는 맛으로 조합 가능)

**쉽게 만들 수 있도록 레시피 찬찬히 알려드립니다^^





"
74,74,13,장미 부케 블라썸 & 작약 풀돔 미니 사이즈 원데이,70000,0,0,30,중,서울 성북구,2,0,0,"비스텔라에서 진행할 금손 클래스는 앙금플라워떡케이크 원데이클래스입니다!


제가 직접 엄선하여 고른 쌀을 방앗간에서 빻아오기 때문에
시중에서 판매하는 쌀가루로 만든 떡케이크보다 더 신선하고 좋은 재료로 만들게 됩니다.
또한 촌스럽지 않은 색 배합으로 고급스러운 케이크를 완성하실 수 있도록 수업하고 있습니다^_^

**이 수업은 미니 사이즈(지름: 12cm, 1~2인용) 원데이로, 1호사이즈(지름 15cm, 3~4인용) 케이크를 원하시는 분은 1호 사이즈 원데이 페이지를 이용해주세요^^
**구입 시 나타나는 시간은 실제 수업 시작 시간과 다를 수 있습니다(수업 시작 시간은 메세지로 협의 후 구입해주세요^^)**


★수업 안내★

-수업시간: 약 3시간
-수강인원: 최대 2명


★설기종류★

1. 백설기(기본이 되는 설기)
2. 꿀설기(견과류&흑설탕 필링으로 남녀노소 좋아하는 맛)
3. 블루베리 설기(블루베리 설기 사이 블루베리 리플잼이 필링으로 들어가 상큼함을 더해주는 맛)
4. 더블 치즈 설기(두가지 치즈가 설기 사이에 들어가 계속 생각나는 맛)
5. 무화과 설기(무화과 당조림이 설기 사이에 들어가 풍미를 더한 설기)
6. 흑임자 설기(흑임자 설기 사이 고소한 흑임자 필링이 더해진 인기 많은 설기)


★커리큘럼★

1. 수업에 필요한 도구 및 재료를 설명합니다.
2. 수강생님이 생각해오신 색감으로 직접 조색합니다.(원하시는 색감이 나올 수 있도록 지도해드립니다)
3. 꽃 파이핑 기법을 시연하고 수강생님이 직접 파이핑하실 수 있도록 자세&손모양 지도해드립니다.
4. 미리 준비해드린 떡 시트 위에 파이핑한 꽃을 어레인지합니다.(떡 시트는 미리 준비해드립니다)
5. 완성된 케이크를 촬영하고 이쁘게 포장해드립니다.
"
75,75,13,장미 부케 블라썸 & 작약 풀돔 1호 사이즈 원데이,80000,0,0,30,중,서울 성북구,2,0,0,"비스텔라에서 진행할 금손 클래스는 앙금플라워떡케이크 원데이클래스입니다!

제가 직접 엄선하여 고른 쌀을 방앗간에서 빻아오기 때문에
시중에서 판매하는 쌀가루로 만든 떡케이크보다 더 신선하고 좋은 재료로 만들게 됩니다.
또한 촌스럽지 않은 색 배합으로 고급스러운 케이크를 완성하실 수 있도록 수업하고 있습니다^_^

**이 수업은 1호 사이즈(지름: 15cm, 3~4인용) 원데이로, 미니사이즈(지름 12cm, 1~2인용) 케이크를 원하시는 분은 미니 사이즈 원데이 페이지를 이용해주세요^^
**구입 시 나타나는 시간은 실제 수업 시작 시간과 다를 수 있습니다(수업 시작 시간은 메세지로 협의 후 구입해주세요^^)**


★수업 안내★

-수업시간: 약 3시간
-수강인원: 최대 2명


★설기종류★

1. 백설기(기본이 되는 설기)
2. 꿀설기(견과류&흑설탕 필링으로 남녀노소 좋아하는 맛)
3. 블루베리 설기(블루베리 설기 사이 블루베리 리플잼이 필링으로 들어가 상큼함을 더해주는 맛)
4. 더블 치즈 설기(두가지 치즈가 설기 사이에 들어가 계속 생각나는 맛)
5. 무화과 설기(무화과 당조림이 설기 사이에 들어가 풍미를 더한 설기)
6. 흑임자 설기(흑임자 설기 사이 고소한 흑임자 필링이 더해진 인기 많은 설기)


★커리큘럼★

1. 수업에 필요한 도구 및 재료를 설명합니다.
2. 수강생님이 생각해오신 색감으로 직접 조색합니다.(원하시는 색감이 나올 수 있도록 지도해드립니다)
3. 꽃 파이핑 기법을 시연하고 수강생님이 직접 파이핑하실 수 있도록 자세&손모양 지도해드립니다.
4. 미리 준비해드린 떡 시트 위에 파이핑한 꽃을 어레인지합니다.(떡 시트는 미리 준비해드립니다)
5. 완성된 케이크를 촬영하고 이쁘게 포장해드립니다.
"
76,76,13,숫자 케이크 원데이,70000,0,0,30,중,서울 성북구,2,0,0,"비스텔라에서 진행할 금손 클래스는 앙금플라워떡케이크 원데이클래스입니다!

제가 직접 엄선하여 고른 쌀을 방앗간에서 빻아오기 때문에
시중에서 판매하는 쌀가루로 만든 떡케이크보다 더 신선하고 좋은 재료로 만들게 됩니다.
또한 촌스럽지 않은 색 배합으로 고급스러운 케이크를 완성하실 수 있도록 수업하고 있습니다^_^

**숫자 케이크 1개 당 금액으로, 2자리 숫자의 경우 +35,000원 추가금액있습니다**
**구입 시 나타나는 시간은 실제 수업 시작 시간과 다를 수 있습니다(수업 시작 시간은 메세지로 협의 후 구입해주세요^^)**


★수업 안내★

-수업시간: 약 3시간
-수강인원: 최대 2명


★설기종류★

1. 백설기(기본이 되는 설기)
2. 꿀설기(견과류&흑설탕 필링으로 남녀노소 좋아하는 맛)
3. 블루베리 설기(블루베리 설기 사이 블루베리 리플잼이 필링으로 들어가 상큼함을 더해주는 맛)
4. 더블 치즈 설기(두가지 치즈가 설기 사이에 들어가 계속 생각나는 맛)
5. 무화과 설기(무화과 당조림이 설기 사이에 들어가 풍미를 더한 설기)
6. 흑임자 설기(흑임자 설기 사이 고소한 흑임자 필링이 더해진 인기 많은 설기)


★커리큘럼★

1. 수업에 필요한 도구 및 재료를 설명합니다.
2. 수강생님이 생각해오신 색감으로 직접 조색합니다.(원하시는 색감이 나올 수 있도록 지도해드립니다)
3. 꽃 파이핑 기법을 시연하고 수강생님이 직접 파이핑하실 수 있도록 자세&손모양 지도해드립니다.
4. 미리 준비해드린 떡 시트 위에 파이핑한 꽃을 어레인지합니다.(떡 시트는 미리 준비해드립니다)
5. 완성된 케이크를 촬영하고 이쁘게 포장해드립니다.
"
77,77,13,컵설기 4구 원데이,75000,0,0,30,중,서울 성북구,2,0,0,"비스텔라에서 진행할 금손 클래스는 앙금플라워떡케이크 원데이클래스입니다!

제가 직접 엄선하여 고른 쌀을 방앗간에서 빻아오기 때문에
시중에서 판매하는 쌀가루로 만든 떡케이크보다 더 신선하고 좋은 재료로 만들게 됩니다.
또한 촌스럽지 않은 색 배합으로 고급스러운 케이크를 완성하실 수 있도록 수업하고 있습니다^_^

**구입 시 나타나는 시간은 실제 수업 시작 시간과 다를 수 있습니다(수업 시작 시간은 메세지로 협의 후 구입해주세요^^)**

★수업 안내★

-수업시간: 약 3시간
-수강인원: 최대 2명


★설기종류★

1. 백설기(기본이 되는 설기)
2. 꿀설기(견과류&흑설탕 필링으로 남녀노소 좋아하는 맛)
3. 블루베리 설기(블루베리 설기 사이 블루베리 리플잼이 필링으로 들어가 상큼함을 더해주는 맛)
4. 더블 치즈 설기(두가지 치즈가 설기 사이에 들어가 계속 생각나는 맛)
5. 무화과 설기(무화과 당조림이 설기 사이에 들어가 풍미를 더한 설기)
6. 흑임자 설기(흑임자 설기 사이 고소한 흑임자 필링이 더해진 인기 많은 설기)


★커리큘럼★

1. 수업에 필요한 도구 및 재료를 설명합니다.
2. 수강생님이 생각해오신 색감으로 직접 조색합니다.(원하시는 색감이 나올 수 있도록 지도해드립니다)
3. 꽃 파이핑 기법을 시연하고 수강생님이 직접 파이핑하실 수 있도록 자세&손모양 지도해드립니다.
4. 미리 준비해드린 떡 시트 위에 파이핑한 꽃을 어레인지합니다.(떡 시트는 미리 준비해드립니다)
5. 완성된 케이크를 촬영하고 이쁘게 포장해드립니다.
"
78,78,6,가죽과 함께 위드유레더 [필통 만들기] ,80000,0,0,30,하,인천 연수구,4,0,0,"- 진행 순서
1. 원데이에서 사용할 가죽에 대하여 알아보기
2. 패턴에 대한 이해
3. 기초 도구의 사용방법 익히기
4. 기본 바느질 방법 익히기
5. 단면 마감하기
6. 인증샷 남기기

- 스캐줄
옵션에 없는 시간대를 원하시는 분들은 
편히 메세지 보내주세요~
공방 오픈 시간은 오전10:30~ 오후8:30 입니다.
(화요일은 공방 휴무입니다.)

- 가죽은 이태리 베라펠레 협회에서 인증 받은 
베지터블 가죽 ""푸에블로""를 사용합니다.
색상은 총 브라운, 바이올렛, 올리브, 머스터드, 올모 총 5가지 입니다.

푸에블로 가죽은 밀링타입의 무늬가 없는 가죽에
쇠구슬을 굴려 가공한 가죽으로
쇠구슬 무늬가 빈티지하게 나타나 있어 처음엔 무광이었다가
사용하심에 따라 오일감이 올라와 색이 어두워지고, 매끈해지는
반전매력이 뚜렷한 가죽입니다.

저의 최애 가죽이기도 한 푸에블로는
다른 가죽과는 다르게 태닝과 에이징속도가 빨라
색이 급변하는걸 원치 않으신 분들은 
다른 가죽으로도 수업 가능하니 메세지 주세요^^

- 똑딱이 단추 스타일
일반 골드, 니켈, 엔틱, 엔틱사틴, 그리고 싸개 단추 총 5가지가 있습니다.

- 각인
위드유레더에서는 불박기(기계)가 아닌 인두기로 
수강생이 직접  가죽위에서 각인 하기에 불박기와는 다른,
핸드메이드라는 느낌을 더욱 많이 받으실 수 있습니다.
"
79,79,32,EM발효액을 사용한 뽀득뽀득 설거지 비누 만들기,70000,0,0,10,중,서울 중랑구,3,0,0,"요즘 제로 웨이스트, 레스 플라스틱 실천하시는 분들이 많아졌어요.
환경을 위해 아주 좋은 움직임이죠:-)
어렵게 생각하면 한없이 어려워지지만
노력해 나가고자 하는 그 마음이 제일 중요하지 않을까요?
작은 것 부터 조금씩 시작하면, 어느새 꽤 많은 쓰레기를 줄일 수 있더라구요.

그중 하나가 바로 비누 사용입니다.
비누를 사용함으로 플라스틱 용기를 줄일 수 있어요.
하지만 세안과 목욕을 위해 만드는 비누는 보습력이 높기 때문에
설거지를 하려면 조금 불편한 점이 있는데요,
설거지용으로 적합한 레시피로 만드는 주방 비누입니다.

잔류 세제 걱정 없이 식물성 오일로 만드는 저온 기법 비누이고,
자정능력 회복이 뛰어난 EM 발효 원액을 사용하며
비누로 설거지 했을 때 발생하는 얼룩 현상을 최소화한 레시피예요:-)
세정도 면에서 강력한 화학 계면활성제를 사용한 일반주방 세제에 견줄 순 없지만
식당에서 사용하실 게 아닌 이상, 댁에서 사용하심에 있어선 충분한 세정력을 갖춘 비누입니다.
거품도 굉장히 잘 나고, 뽀득하게 잘 씻겨요!

구성_
설거지용 비누 1kg, 비누 8-10개 내외
(컷팅 방법에 따라 갯수는 차이가 있습니다.)

소요 시간_
1시간 내외
(작업 속도에 따라 차이가 있습니다.)

주의 사항_
저온법 특성상 바로 가져가실 수 없으며
2-3일 뒤 택배(택비 별도 4000원) 또는 직접 오셔서 받아가시면 됩니다.
"
80,80,7,칠보공예기법으로 하트 팔찌 만들기,70000,0,0,30,중,서울 관악구,2,0,0,"고대부터 이어져 내려오는 전통 칠보기법(enameling)을 배워보세요.

수공으로 준비한 하트 모양 금속판 위에 좋아하는 색상의 유약을 뿌리고 고온(700-800도)으로 구워서 완성합니다.

앞뒤로 다른 색감의 하트 6개를 만들고 연결하면 고급스러운 잇템 팔찌를 완성할 수 있어요.

재료는 동판에 칠보,  연결고리와 잠금장치는 써지컬 스틸이며 수강료에 재료비가 포함되어 있습니다."
81,81,25,나만의 힐링 다육식물 정원 만들기 ,40000,0,0,15,하,서울 마포구,3,0,0,"안녕하세요 브리스플랜트 입니다.
여러가지 다육 식물들을 모아 심어보는 다육 힐링 정원 만드는 수업 입니다.
1단계 : 다육식물 재료 설명
다육식물 생육환경에 대해 알아보고
모듬식재에 필요한 스킬에 대해 알려드려요.
2단계 : 다육식물 식재
어울리는 다육식물을 모아 식재를 진행 합니다.
3단계 : 완성 후 포토타임
작품 완성 후 포토타임을 가집니다.
4단계 : 작업식물 포장
전용 포장백에 작업한 식물 넣어 드립니다."
82,82,20,[프라이빗 추상화 클래스]인테리어 추상화 그리기 ,50000,0,0,25,중,서울 양천구,2,0,0,"나만의 감성으로 인테리어 추상화 작품을 완성해보세요!

[AMONZ STUDIO | 에이몬즈 스튜디오]

@ 프라이빗한 소수정예수업
- 모든 수업은 1:1 또는 최대 1:2수업으로 진행됩니다. 코로나 걱정은 덜고, 꼼꼼한 티칭과 케어를 받으실 수 있습니다. 일행만 있는 편안한 공간에서 그림을 그려보세요! 그림을 한번도 그려보지 않은 분들도 수월하게 완성하실 수 있습니다.

@ 재료비 무료
- 기본 4호(33.3x24.2cm) 크기의 캔버스와 사용하시는 아크릴물감 및 재료들은 모두 무료로 제공됩니다. 앞치마와 팔토시 그리고 포장까지! 모두 수업료에 포함되어있으니 빈손으로 가볍게 방문해 주세요. (단 8호(45.5x38.0cm)로 변경시 추가요금 발생)

@ 음료 및 다과 제공
-간단한 다과와 음료는 늘 구비 되어있습니다. 편하게 드시면서 추상화를 그려보는 힐링타임을 가져보세요!

@ 당일 수령
- 아크릴은 유화와 다르게 금방 마르는 특징을 갖고있습니다. 수업받으신 당일 바로 가져가실 수 있도록 포장해드립니다.
"
83,83,16,[성북/화이트데이] 달콤 쌉싸름한 생초콜릿 만들기 (파베초콜릿),45000,0,0,20,하,서울 성북구,2,0,0,"따뜻한 공간에서 정직한 제품을 만드는 일리크입니다.

약 3년간 취미로 지속적으로 배웠던 초콜릿와 베이킹 클래스를 작게 오픈해요
기념일 마다 즐겁게 함께 만들어주실 수강생분을 기다릴게요 :)

이전 '바크초콜릿' 클래스를 사랑해주시고 많이 찾아주셔서 감사합니다!
생각보다 다음 클래스를 요청하시는 분들이 많아 새로운 클래스로 찾아뵙게 되었어요:)

달콤하고 쌉싸름하지만 부드러운 그맛 그대로 
다크초콜릿의 매력을 듬뿍 느낄 수 있는 '생초콜릿 만들기' 는
제가 가장 사랑하는 초콜릿중 하나입니다.
(제가 디저트를 배우게 된것도 시작은 생초콜릿이었으니까요 !!)
일본 브랜드 '로**' 제품을 드셔보셨다면 잘 아실 그 맛!
그 생초콜릿을 이제는 누구나 쉽게 만드실 수 있어요 ^^

재료가 있으셔도 처음하면 막막하실 수 있고,
준비를 하기에 벅찰 수 있는 초콜릿 클래스 ㅠㅠ
그런 고민을 타파하기 위해 일리크가 도움을 드리는 클래스입니다 :)

모든 재료는 일리크가 준비할테니
달콤한 초콜릿을 만드실 설레는 마음만 담아 오세요 !

<생초콜릿 클래스>
* 카카오 80% 이상의 함유된 다크초콜릿으로 만드는 클래스
* 다양한 토핑재료(녹차,딸기,스프링클,카카오,초코펜 등)로 손쉽게 만드는 초콜릿 클래스

- 클래스 안내
1.용량: 약 250g 
2.소요시간: 약 2시간 (굳히는 시간 및 포장시간으로 개인차가 있을 수 있습니다)

* 레시피 제공 (직접 작성해서 가져가셔야해요)
* 정해진 일정 외의 일정을 원하신다면 작가메세지로 남겨주세요 ^^
* 공방운영시간: 오전11시~ 오후 7시
* 전용상자에 넣어 포장해드립니다.(-> 케이스는 소진시 변경될 수 있습니다)"
84,84,10,수원 탑동 나무공방 원목도마 만들기 (원데이 클래스),60000,0,0,40,중,경기 수원시,4,0,0,"수원에 위치한 ""나무공방 [우드머리]"" 에서
원목도마 만들기 원데이클래스 진행합니다.

수원 탑동에 구운중학교 근처에 위치해있는 작은 공방입니다~
한 타임에 최대 4인까지만 예약받고 진행합니다^^

나무종류: 느티나무, 캄포나무(택1)
사이즈: 370*230 이상
마감: 도마 전용오일

﻿[ 클래스 진행방식 ]

1. 제공되는 도마는 느티나무 또는 캄포나무를 사용합니다. 
(기본 제공 도마 외 원하시는 사이즈나 목재가 있으시면 따로 연락주시면 가능한 한 준비해드립니다. 
다만 ﻿특수목이나 사이즈가 커지면, 추가비용이 청구됩니다^^)

2. ﻿원목도마의 디자인은 본인이 직접 스케치해서 진행하시면 됩니다.
기본 제공되는 도마 네모난 모양 그대로 만드셔도 되고, 스케치 후에 미니도마 또는 디자인도마로 만드셔도 됩니다.
디자인 도마로 진행하실 분은 원하시는 디자인을 미리 생각해서 오셔야 시간이 절약됩니다.
디자인 스케치가 은근히 시간 많이 걸려서 작업시간이 늦어져요^^;

﻿3. 트리머로 테두리를 정리 후 샌딩을 진행합니다.
샌딩에 따라 도마 겉 표면이 정리되는데 이 작업이 가장 작업시간도 오래걸리고 중요합니다. 
사포 거칠기를 다르게 하면서 여러번 샌딩을 진행하게 됩니다. 

4. 완성된 제품에 원하시는 문구로 각인 가능합니다. 
원하시는 문구나 이니셜등을 생각해서오시면 좋아요 ^^
한글폰트 영문폰트 다 조정 가능합니다.

﻿﻿기본으로 우드머리 로고를 넣어드릴 수도 있습니다~~~♡

5. 오일을 도포하고 말리는 작업을 진행하게 됩니다.
완전히 건조하려면 하루 이상 시간이 필요하기 때문에 최종건조는 자택에서 하시면 됩니다^^

﻿"
85,85,1,[천안/아산] 천안아산역 와이몰!  발렌타인데이 캔들세트 만들기♡,40000,0,0,20,중,충남 아산시,4,0,0,"KTX(SRT)천안아산역 도보 5분거리 와이몰에 위치한 소소한 행복을 드리는 쁘띠보네르입니다:)

★예약 시간
- 모든 수업 예약제로 진행합니다. 원하는 시간대 말씀해 주세요:)

★★★★★★★★★★★★★★★★★★★★★★★★★★★★★★★★★★★★★★★
- (예약 일시에 적힌 시간은 실제 예약시간이 아닙니다! 임의로 시간 선택해주시고 따로 연락 주셔서 예약시간 잡으시면 됩니다!)
★★★★★★★★★★★★★★★★★★★★★★★★★★★★★★★★★★★★★★★

﻿
★수업 안내
🍫발렌타인데이 캔들 클래스

발렌타인 데이 감성을 담은 클래스 입니다🍬

컵캔들 1개
키세스 캔들 3개
(중사이즈 1개, 작은키세스 2개)

•총 4개 제작

• 소요시간 : 2시간 내외
• 수강 인원 : 최소1명 - 최대4명

발렌타인데이를 맞아 먹는 초콜렛은
지겹고 식상하다고 느껴지시는 분들을 위한 캔들 원데이클래스 입니다🍭

직접 만들어보고 싶은 분들!
언제든 환영이니, 문의주세요🤍


- 쁘띠보네르는 절대 저가의 중국산 향료를 쓰지 않습니다.
- 캔들을 처음 접하시는 분들도 실패없이 제작할 수 있도록 도와드립니다.
- 모든 수업 비용 추가시 작품 개수 추가 가능합니다.
- 예쁘게 포장해 드립니다 :)


*소요시간
- 대략 2시간 내외
"
86,86,11,세상에 하나뿐인 도자기 와인잔 세트(도자기 드로잉),60000,0,0,10,하,경기 성남시,4,0,0,"아하~! 보니쌤이에요:)
이번엔 아름다워,자기의 대표 클래스를 들고 왔어요~!
수 많은 분들의 마음을 설레게 했던 유리와 도자의 콜라보로 드로잉수업입니다!
저희는 특별하고, 고급진 특수 유리 유약을 사용하여 세상에 하나뿐인 작품을 만들어 줄 거예요 !
수업은 평균 2시간 정도 소요됩니다~^^
.
.

<구성>
특별한 도자기 와인잔(주스잔 겸용) 2잔 구성
컬러는 개인의 취향에 따라 디자인 됩니다!
(사진에 없는 컬러도 많이 있답니다!)
.
.

바닥면에는 이니셜 또는 마음을 전하는 특별한 문구를 새길 수 있답니다!

<중요 check>
♥ 설정되어있는 요일 및 시간은 <예시>이며, 
     평일/주말 수업이 모두 가능합니다! 
    (메신저로 작가와 조율  후 수업이 진행되니 
    꼭 꼭 수업 신청 후 <대화> 걸어주세용!!)
♥ 완성작은 집까지 꽁꽁 포장되어 안전 배송 됩니다.
♥ 재료비+가마소성비+택배비 모두 포함된 가격이에요.
♥ 도자기의 특성상 완성작 택배수령은 최대 2주 가량 소요될 수 있습니다.
"
87,87,21,붓과 꽃 두가지 힐링 시간 완성도 높은 작품 [백드롭페인팅+페이퍼플라워],80000,0,0,30,하,인천 부평구,2,0,0,"✿✿금손클래스 등록 이벤트✿✿ 
2월 한달간 130000 -> 80000 
5만원!! 할인 이벤트 합니다

✿느루마인 페페 클래스✿
[페이퍼플라워 + 백드롭페인팅 + 화병 set] 으로 구성된 클래스 입니다

꽃과 붓, 두가지의 아름다운 힐링타임을 나누는

-자유롭게 내 느낌대로 물감의 색감,질감을
즐기며 붓과 나이프터치의 즐거운 힐링
-나의 손에서 예쁜 꽃을 피우는 아름다운 힐링

✿페이퍼 플라워
주름종이로 생화를 재현해내는
조화보다 더 고급지고 더 생화같은 시들지 않는 꽃 입니다

✿백드롭 페인팅
캔버스에 아크릴물감과 모델링 페이스트로
색감과 질감을 자유롭게 연출하는 아크릴추상화 입니다

캔버스에 정답과 규칙이 없이 자유롭게 칠하고 바르고 찍고
나만의 느낌있는 백드롭페인팅을 재밌게 즐기며
내가 만든 백드롭캔버스에 어울리는 색감의 주름지로
시들지 않는 페이퍼플라워를 만들어 보는 시간을 가지며

3시간동안 잡생각, 고민, 스트레스는 잠시 넣어두고
오롯이 나의 눈과 귀 손길에 집중해 보세요 :)

: 감성있는 빈티지 인테리어소품 으로
홈, 카페 or 선물용으로 좋아요

: 잠시 머리를 비우고 느낌대로 힐링하며
나만의 하나뿐인 인테리어 소품도 완성해 보세요

[진행과정]
*전체적으로 원하는 스타일을 정합니다 ex)빈티지,화사,유니크,심플함 등,,

1.백드롭 페인팅 [캔버스]
-  정한 스타일에 맞는 색감과 물감의 질감표현을 정합니다
- 캔버스에 아크릴물감과 모델링페이스트[질감표현] 를 붓,나이프,다양한도구 등을 이용하여 자유롭게 칠합니다

2.페이퍼 플라워 [주름종이]
- 완성된 백드롭페인팅에 어울릴 꽃, 주름종이 색감을 정합니다
- 꽃의 도안대로 주름종이를 오리고, 꽃잎의 순서대로 붙여줍니다 

3. 완성작 촬영
- 내가 만든 백드롭페인팅과 화병에 꽃과 함께 예쁜배경과 소품을 이용하여 다양한 스타일로 촬영합니다
[ 핸드폰배경, sns프로필사진 등으로 사용하면 너무 예뻐요 ;) ]


총 소요시간 3시간으로
한시간반 씩 나누어
백드롭페인팅 -> 페이퍼플라워
순으로 진행됩니다

아크릴물감/모델링페이스트 + 염색주름지 를 사용하여
화사함 또는 빈티지하고 유니크한 스타일을 연출할 수 있습니다

누구나 쉽게 초보자들도 손재주가 없어도 가능합니다
전문가가 만든 느낌이 날 수 있을 정도의 완성품으로 가져가실 수 있습니다

재료비 모두 포함 [캔버스+물감+종이+화병] 금액으로
몸만 가볍게 오시면 됩니다

캔버스는 화병과 두었을때 제일 잘어울리는  
6호 [40.9x31.8] 사이즈로 제공됩니다

큰 사이즈로 변경원하시면 추가비용이 있습니다
8호 [45.5x37.9] 10000원
10호[53x45.5] 20000원

화병 디자인 3가지 / 어려운 기법없이
쉽고 예쁘게 만들 수 있는 꽃 디자인 3가지 준비 되어 있습니다
백드롭에 맞춰 선택하실 수 있습니다


커피 or 음료 다과 준비해 드려요
커피한잔과 함께 예쁘고 멋진작품 만들며
소소한인연 소소한추억 만들어요 :)

"
88,88,11,에그플레이트부터 토마토까지 <내맘대로 플레이트 2개 세트>,50000,0,0,20,하,경기 성남시,4,0,0,"안뇽하세유~!
오늘은 완성도가 매우 높아 요즘 저희 공방에서 완전 핫핫핫한 수업을 들고 왔어요!!
원래는 귀여운 에그 플레이트로 시작된 작품인데, 
지금은 토마토, 샐러리, 배추 등 취향에 맞는 그림을 그려놓으며 
개인 취향에 따라 만들 수 있는 작업이 되었답니다><

초보자 분들도 따라 만들기 쉬운 작업으로, 
똥손들도 매우 완성도 높은 작품을 만나보실 수 있어요! 
.
.

<구성>
크고 작은 플레이트 총 2개 만드는 알차디 알찬 수업입니다!
포인트 디자인은 자신이 좋아하는대로 자유롭게 해주실거랍니다:)
.
.

<중요 check>
♥ 설정되어있는 요일 및 시간은 <예시>이며, 
     평일/주말 수업이 모두 가능합니다! 
    (메신저로 작가와 조율  후 수업이 진행되니 
    꼭 꼭 수업 신청 후 <대화> 걸어주세용!!)
♥ 완성작은 집까지 꽁꽁 포장되어 안전 배송 됩니다.
♥ 재료비+가마소성비+택배비 모두 포함된 가격이에요.
♥ 도자기의 특성상 완성작 택배수령은 평균 10일, 
    길게는 2-3주 가량 소요됩니다.
"
89,89,32,천연탄산스파 (바스붐) 입욕제 1kg 만들기 클래스,70000,0,0,20,중,경기 파주시,4,0,0,"
🔶 소개

나에게 맞는 바스붐을 만들어 가실 수 있는 클래스입니다.
정제수와 알콜로 점도를 맞추지 않습니다.
벨하이솝에서는 직접 제작한 자운고겔을 제공해 드립니다.
자운고겔과 첨가물로 점도를 맞추어 제작하기때문에
시중의 바스붐보다 훨씬 더 좋은 효과를 기대하실 수 있습니다.
목적에 맞게, 사용 대상에 맞게, 취향에 맞게
맞춤 바스붐을 직접 만들어 보실 수 있게 도와드려요 :)


🔶 클래스 진행 순서 / 과정

1. 가루계량
2. 색상, 디자인 선택 
3. 향 선택
4. 반죽 만들기
5. 틀에 넣어서 굳히기
6. 건조 후 포장


🔶 벨하이솝 클래스만의 특별한 점

✔️ 탱자,소루쟁이,붉나무,어성초,병풀 등등 9종의 한약재 첨가물 공통 제공해드립니다.
✔️ 집에서도 혼자서 충분히 만드실 수 있도록 레시피 제공해드립니다.


🔶 알립니다

계면활성제가 들어간 거품이 나는 버블바가 아닙니다.
천연 탄산이 생기며 온천수 효과를 볼 수 있는 탄산스파 바스붐 만들기 클래스입니다.
입욕물에 넣으면 거품대신 탄산이 생기며 피부 건강에 도움을 줍니다.
버블바는 계면활성제때문에 사용 후 건조해질 수 있습니다. 
계면활성제free 천연탄산스파만 만들고 있으니 참고해주세요 :)


✅원하시는 시간대가 옵션에 없는 경우 전화나 카카오톡 문의 주시면 예약 도와드리겠습니다 :)"
90,90,32,맞춤 수제 cp비누 / 모유비누 1kg 만들기 클래스,100000,0,0,20,중,경기 파주시,4,0,0,"🔶 소개

나에게 맞는 비누를 만들어 가실 수 있는 클래스입니다.
정제수 외에 각종 증류수 부터 다양한 수상이 준비되어 있습니다.
목적에 맞게, 사용 대상에 맞게, 취향에 맞게
소중한 사람들을 위한 맞춤 비누를 직접 만들어 보실 수 있게 도와드려요 :)

🔶 수업진행순서/과정

1. 천연비누에 대한 이론 간단 설명
2. 각자의 피부타입에 맞는 레시피 짜기
3. 오일/수상/첨가물 계량
4. 비누액 만들기
5. 비누틀에 붓고 데코하기
6. 4주동안 건조 기다리기

총 2시간 내외 소요됩니다 :)

🔶 벨하이솝 클래스만의 특별한 점

1. 탱자,소루쟁이,붉나무,어성초,병풀 등등 9종의 한약재 첨가물 공통 제공해드립니다.
2. 집에서도 혼자서 충분히 만드실 수 있도록 레시피 제공해드립니다.

🔶 알립니다

벨하이솝에서는 디자인보다는 기능성에 초점을 맞추어 비누를 만들고 있습니다!
원하신다면 천연분말을 이용한 간단한 조색디자인의 비누는 가능합니다 :)

예쁘고 화려한 알록달록 디자인비누를 하려면 기본적으로 완성물이 단단해야하고 비누화가 더딘 오일들로 레시피를 구성해서 비누를 제작해야합니다. 또한 옥사이드, 마이카 등 색조화장품에 쓰이는 원료를 쓰기때문에 개인적으로 세정을 위한 비누에는 사용하지 않습니다.
양해 부탁드려요 :)


✅ 원하시는 시간대가 옵션에 없는 경우 전화나 카카오톡 문의 주시면 예약 도와드리겠습니다 :)"
91,91,12,강아지 생일 케이크 (보틀 케이크) 원데이 클래스,40000,0,0,15,중,경기 하남시,4,0,0,"강아지 생일 케이크 (보틀 케이크) 원데이클래스

나의 반려동물을 위해 내 손으로 직접
수제간식을 만들어 줄 수 있는 공간입니다.

친구나 연인, 가족분들과 함께 오셔서 색다른 체험하실 수 있어요.

★ 보틀 케이크 1p 원데이클래스 ★
보틀 케이크 1p 를 만들어볼 수 있어요
디자인은 수강생이 원하시는 색상이나 그림으로 표현 할 수 있습니다.
들어가는 재료 ( 계란, 박력쌀가루, 락토프리우유, 두부등... )

★ 수업과정 ★

1. 재료와 요리 순서를 안내합니다
2. 사용하는 재료로 요리를 합니다
3. 포장박스로 포장 및 촬영을 진행합니다"
92,92,5,행운을부르는 마크라메 드림캐쳐 자개모빌 원데이클래스,53000,0,0,20,중,경기 안산시,3,0,0,"안녕하세요, 내소느로 입니다
 내소느로 마크라메 클래스에는 다양한 난이도와 작품이 준비 되어 있으며, 
 1:1 개인 지도로 초보자 분들도 즐겁게 배우실 수 있습니다
 ​

 마크라메 클래스의 장점은 어떠한 도구 없이 오로지 손으로 매듭을 엮어
 비교적 빠른시간에 작품을 만들수 있으며, 기본적인 매듭 기법을 숙지하시면
 스스로 응용하여 무한한 작품세계를 경험하실 수 있습니다​

 내소느로와 함께 마크라메의 무한 매력에 빠져보세요 ^^
"
93,93,11,[도자기_원데이클래스] 색소지 플레이트 만들기,70000,0,0,25,중,경기 안양시,4,0,0,"🌼색소지 플레이트 만들기🌼 입니다.

 *색소지는 백색도가 높은 고급소지(찰흙)에 여러 색의 도자용 안료를 섞어 만든 색깔흙입니다.

색소지 플레이트 수업은 색소지를 이용해 개성있는 패턴으로 나만의 식기를 만들 수 있는 수업입니다.
아래의 세가지 크기의 접시/볼 중에서 두가지를 선택해서 진행하실 수 있으며 원형의 석고틀을 활용해 형태를 만들기 때문에 원형 이외의 모양으로는 제작이 불가능한 점 참고부탁드립니다☺️

-큰접시(17-18cm)
-작은접시(13-14cm)
-시리얼볼 (11-12cm)

📍수업료에는 재료비와 가마소성비가 포함되어 있습니다.
클래스에서 만든 도자기는 수업 후 건조 > 초벌 > 시유(유약을 입히는 과정) > 재벌 과정을 거쳐 평균 3-4주 후에 수령하실 수 있습니다.
도자기 특성 상 파손의 위험이 있어 직접 ✨방문수령✨을 권해드리지만 불가능하신 경우 택배로도 수령 가능합니다. (택배비별도)



⏰수업일정⏰

월 화 수 금 토 일 (목 휴무)
📌14:00-16:30
📌18:00-20:30
이외의 시간은 따로 문의주세요!



***수업 전 유의사항***

✔️ 만족도 높은 결과물을 위해 디자인을 미리 생각해오시는 것을 추천드립니다. 
✔️ 원데이클래스는 한 타임에 최대 4인까지 신청가능합니다.
✔️ 별도의 주차공간이 없습니다.
✔️ 제작시 건조과정에서 최대한 공들여 다듬고 예쁜 작품이 나올 수 있도록 노력하고 있지만 그럼에도 뒤틀림이나 갈라짐 등의 예상치못한 변수들이 생길 수 있습니다.
이로 인한 추가작업이나 환불은 어렵습니다.

💛 꼭 완전한 형태가 아니더라도 만들면서 즐거운 추억을 쌓을 수 있고, 정성을 담아 내가 직접 만든 도자기만의 개성으로 생각하시고 즐겨주시면 좋을 것 같아요 💛

"
94,94,12,나만의 인테리어조명 만들기,80000,0,0,30,중,인천 연수구,6,0,0,"나만의 인테리어조명 만들기

"
95,95,10,원목 젓가락 만들기(음핑고 or 탄화메이플),25000,0,0,20,하,서울 서대문구,4,0,0,"원목 젓가락 만들기(음핑고 or 탄화오크)

1. 재단이 완료된 목재를 샌딩한다.
-80방에서부터 400방까지 물샌딩을 함께 진행한다.

2. 우드버닝(인두화)을 통해  이니셜 혹은 이미지를 만들어 넣는다.

3. 100% 천연왁스 ALL ON 왁스를 도포한다."
96,96,32,보기만 해도 기분이 좋아지는 나만의 cp비누만들기 클래스,45000,0,0,20,중,서울 광진구,2,0,0,"[디자인CP비누500g 제작클래스]

천연비누 제작과정에서 가장 기초적인 CP비누 제작에 대해 배워봅니다.
천연비누의 종류는 MP,CP,HP 등 만드는 방법,원료에 따라 종류가 무궁무진해요.

1단계	사용방법 및 설명	기본 도구 및 사용방법 설명
2단계	레시피 구성	
피부 타입에 맞는 기능성 오일을 배합해 레시피 구성을 합니다.
3단계	디자인 구현 및 제작	
식물성 오일과 첨가물(에센셜오일,기능성오일,비수화수,천연가루 등)을 배합하여 비누 베이스 제작 및 비누화 과정을 진행 합니다.
4단계	완성 및 질의 응답	
제작된 비누를 포장하는 방법과 보관방법에 대해 안내 완
피부타입에 맞는 레시피를 구성하여 피부에 좋은 천연비누를 제작해보세요.
_ 500g제작, 약 (4-5개) 커팅방법에 따라 추가 소분 가능.

**cp비누는 바로 사용가능한 비누가 아닙니다! **
2일간의 보온, 2-4주간의 건조,안정화 기간을 거친 뒤
커팅하여 택배로 발송 드려요.(착불 4,000원)
충분한 시간과 정성을 다해 보내드립니다.

수업 전 원하시는 디자인과 레시피를 확인 합니다.
피부 타입에 따라 비누 레시피는 변경 가능 하며
특별하게 원하시는 레시피가 없으시다면 보습레시피로 준비 드립니다.

디자인은 다양한 디자인을 구현 가능 합니다.
(마블,그라데이션,풍경,레이어드 등 )
다양한 색감과 디자인으로 나만의 개성을 표현해 보세요. ^^

1. 비누에 사용되는 첨가물은 사전에 디자인 확인 후 레시피 구성을 드립니다.
2. 아로마테라피를 위한 에센셜 오일 등을 활용하여 향기로운 비누!
3. 심플하게 붓는 비누는 재미가 없지요? 디자인이 가미된 비누!
좀 더 고급스럽고 디자인이 가미된 비누를 만들어 보고 싶으시다면
이 클래스가 아주 딱이죠.
스스로의 힐링의 시간이 되는 시간.
정성이 담긴 작품을 소중한 분들에게
선물 해보실수 있는 의미 있는 시간을 만들어 보세요.
4. 수업과정에서 레시피가 전달되기때문에 수업 후에도 활용해보실 수 있어요.

[구성]
CP비누 500KG
디자인에 따라 완성개수는 상이.보통 4-5개

[수업일정]
상시 모집으로 수업인원은 최소 1인 - 최대 4인 진행 가능 합니다.
평일 오전 10시 - 오후 8시
주말 오전 11시 - 오후 9시
원하시는 수업일자,시간을 확인 해주시면 수업 가능 여부를 안내 드립니다.

[소요시간]
약 2시간 (개인차)"
97,97,6,공간에 감성을 더할 가죽컵홀더 만들기 / 연남동 원데이클래스,35000,0,0,15,중,서울 마포구,4,0,0,"오늘 하루 즐거운 시간을 함께 할 향기로운 가죽과의 반가운 인사로 클래스의 문을 열겠습니다. :)

1. 나에게 또는 누군가 소중한 사람에게 전해줄 예쁜 선물로 완성하기위해, 가죽과 도구들의 성질과 쓰임에 대한 간단한 설명이 있습니다. 

2. 실물가죽과 실을 보며 원하는 색상을 선택합니다.

3. 긴 곡선을 가진 패턴에따라 재단 된 가죽의 단면을 매끈하게 마감합니다.

4. 바라볼 때 마다 흐뭇해지는 이름 또는 글귀를 새겨넣습니다.

5. 예쁜 원통형으로 단단히 잡아줄 바느질을 위한 구멍을 뚫습니다.

6. 오랜시간 사용해도 끄떡없을 튼튼한 가죽공예용 실을 활용한 교차식 바느질로 한땀 한땀 엮어나갑니다.

7. 감성가득한 테이블, 사무실, 캠핑 등을 상상하며 흐뭇한 마무리 인사를 합니다. :)


# 소재
leather_ italian vegetable tanned cowhide (이탈리안 베지터블 소가죽)
thread_ ireland (아일랜드산 특수실)
size_ 원지름 위 85mm * 아래 75mm / 길이 70mm (스타벅스 벤티/그란데 컵홀더 사이즈의 원지름과 같습니다.)

"
98,98,7,클래스가 다른 왁스카빙클래스,60000,0,0,30,하,대구 중구,4,0,0,"""클래스가 다른 왁스카빙클래스""

1. 만들고 싶은 반지 or 주얼리 디자인을 생각해 본다
    (생각이 안날 경우 공방 내 샘플 디자인이 많으니 보고 정하셔도 됩니다)
2. 디자인에 따라 하드왁스로 만들지 소프트왁스로 만들지 선생님과 상의 후 수업에 들어갑니다
    (예약 후 미리 원하는 디자인 알려주시면 여유롭게 제작하실 수있어 좋아요 작가 문의로 쪽지주세요!)
3. 왁스작업 완성 후 은으로 제작되는 기간이 약 7~10일 정도 소요가됩니다
    (기다리는 시간까지 두근두근 설레는 왁스카빙 클래스)


초보자분들도 쉽게 다룰 수있는 '왁스'로 수업을 진행하기에 안전하고 수정이 쉬워요
왁스에 대한 기본원리를 이해하고 응용하면서 다양한 디자인을 만들어 볼 수있다는게
왁스카빙 수업의 매력입니다♥

<원데이 클래스로 배울 수있는 부분>
- 하드왁스, 소프트왁스, 사출왁스 의 특성
- 기본적인 카빙 방법, 왁스를 다루는 방법
- 왁스에서 은으로 주조되는 과정의 이해

코로나 19예방을 위해 매일 소독, 환기를 주기적으로 하고 있습니다
타임당 최대 정원 4명입니다"
99,99,13,생화 플라워 케이크 만들기 (생일 기념일 선물),65000,0,0,10,하,서울 강남구,6,0,0,"안녕하세요, 클레어플라워런던 입니다 :) 
꽃 하나로 일상을 예술적으로 물들여 감성을 자극하는 매력적인 스타일로 
클레어플라워런던과 함께  꽃향기가 물씬나는 시간을 만들어 볼까요? 

 #생화케이크 만들기  
꽃다발, 케이크 따로 살 필요 없어요! 1석 2조 선물!

생일, 기념일에 꼭 필요한 꽃과 케이크. 
생화케이크 클래스에서 꽃과 케이크를 한 번에 준비해보세요!  

순백의 케이크 위에  향기롭고 예쁜 꽃을 하나하나 수놓은 생화 케이크.  
모양만 케이크가 아닌 진짜 먹을 수 있는 케이크에 
플로리스트와 함께 색감, 조화로운 어레인지를 배워 생화로 직접 장식할 수 있는 시간이에요.  

완성된 그 자체로 꽃과 케이크 1석 2조의 역할을 하는  
작품같은 선물!  함께 만들어보아요 :D 

* 기본은 지름 18cm 원형 생크림 케익입니다.
* 더 큰 사이즈 (지름 21cm) 또는 2단 케이크도 가능하오니 문의주세요."
